00000000 intybasic_map              00000000 intybasic_jlp              
00000000 intybasic_cc3              00000000 intybasic_ecs              
00000001 intybasic_voice            00000000 intybasic_flash            
00000000 intybasic_scroll           00000000 intybasic_col              
00000000 intybasic_keypad           00000000 intybasic_music            
00000000 intybasic_music_ecs        00000000 intybasic_music_volume     
00000000 intybasic_stack            00000000 intybasic_numbers          
00000000 intybasic_fastmult         00000000 intybasic_fastdiv          
00000000 _rom                       00000000 .ROM                       
00000000 _rom_stat                  ???????? _rom.sbase                 
???????? _rom.send                  ???????? _rom.spages                
???????? static                     ???????? _rom.dynseg                
???????? dynamic                    ???????? _rom.err_len               
???????? _rom.rbase                 ???????? _rom.rend                  
???????? _rom.ovrflo                ???????? _rom.sidx                  
???????? _rom.bidx                  0000500D _ZERO                      
00005040 _MAIN                      0000500F _ONES                      
0000502D _TITLE                     ???????? SRCFILE                    
???????? x                          ???????? y                          
00005014 CLRSCR                     00000346 _screen                    
0000501A FILLZERO                   0000501B MEMSET                     
000002F0 STACK                      00005059 _MAIN4                     
00000104 _rand                      000052B5 _set_isr                   
0000506F _pal1                      00005076 _pal2                      
0000508D _pal3                      00005080 _pal2_lp                   
0000508A _pal2_cnt                  000050A9 _ecs1                      
00000103 _ntsc                      000052BC _int_vector                
000052A1 _wait                      000053A3 _init_music                
00000109 _mode_select               0000595D IV_INIT_and_wait           
00005A20 IV_HUSH                    000051FB label_A00                  
00005A12 IV_PLAYW.1                 000051FD label_A01                  
000051FF label_A02                  00005201 label_A03                  
00005203 label_A04                  00005205 label_A05                  
00005207 label_A06                  00005209 label_A07                  
0000520B label_A08                  0000520D label_A09                  
0000520F label_A10                  00005211 label_A11                  
00005213 label_A12                  00005215 label_A13                  
00005217 label_A14                  00005219 label_A15                  
0000521B label_A16                  0000521D label_A17                  
0000521F label_A18                  00005221 label_A19                  
00005223 label_A20                  00005225 label_A21                  
00005227 label_A22                  00005229 label_A23                  
0000522B label_A24                  0000522D label_A25                  
0000522F label_A26                  00005231 label_A27                  
00005233 label_A28                  00005235 label_A29                  
00005237 label_A30                  00005239 label_A31                  
0000523B label_A32                  0000523D label_A33                  
0000523F label_A34                  00005241 label_A35                  
00005243 label_A36                  00005245 label_A37                  
00005247 label_A38                  00005249 label_A39                  
0000524B label_A40                  0000524D label_A41                  
0000524F label_A42                  00005251 label_A43                  
00005253 label_A44                  00005255 label_A45                  
00005257 label_A46                  00005259 label_A47                  
0000525B label_A48                  0000525D label_A49                  
0000525F label_A50                  00005261 label_A51                  
00005263 label_A52                  00005265 label_A53                  
00005267 label_A54                  00005269 label_A55                  
0000526B label_A56                  0000526D label_A57                  
0000526F label_A58                  00005271 label_A59                  
00005273 label_A60                  000051F9 label_DONE                 
00005747 _OY                        00005435 _AY                        
000054D6 _EH                        0000560A _IH                        
00005429 _AX                        00005616 _IY                        
00005587 _EY                        00005819 _UW1                       
000053C1 _AO                        000053A4 _AA                        
00005906 _YY2                       000053B5 _AE1                       
0000580D _UH                        0000582A _UW2                       
00005413 _AW                        00005731 _OW                        
00005680 _KK3                       0000577A _PP                        
00005647 _JH                        000056CC _NN1                       
000057F9 _TT2                       0000578A _RR1                       
000056A7 _MM                        000057E9 _TT1                       
000054AE _DH1                       0000548E _DD1                       
000055E3 _HH1                       00005458 _BB1                       
000057E0 _TH                        0000549C _DD2                       
000055D1 _GG3                       00005844 _VV                        
000055AD _GG1                       00005943 _ZZ                        
00005671 _KK2                       00005661 _KK1                       
000056B8 _NG1                       000055A4 _FF                        
00005932 _ZH                        00005861 _WH                        
00005881 _WW                        00005696 _LL                        
000058E8 _YY1                       0000547E _CH                        
000054C2 _DH2                       000057D7 _SS                        
000056E4 _NN2                       000055F8 _HH2                       
000055BF _GG2                       0000546C _BB2                       
000054FF _ER1                       00005540 _ER2                       
00005710 _OR2                       000053CD _AR                        
000058CA _YR                        000054E2 _EL                        
00005275 stuck                      00005277 CPYBLK2                    
0000527F CPYBLK2.1                  00005281 CPYBLK2.2                  
0000528F CPYBLK                     00005292 CPYBLK.1                   
00005293 CPYBLK.2                   ???????? _cnt1_p0                   
???????? _wait.2                    ???????? _cnt1_p1                   
000052A9 _keypad_table              ???????? _wait.4                    
???????? _cnt1_key                  ???????? _cnt2_p0                   
???????? _wait.5                    ???????? _cnt2_p1                   
???????? _wait.7                    ???????? _cnt2_key                  
00000102 _int                       000052A4 _wait.1                    
00000100 ISRVEC                     ???????? _int_vector.vs             
???????? _int_vector.vs1            ???????? _int_vector.vs2            
000052C7 _int_vector.ds             000052CF _int_vector.vi14           
000052E8 _int_vector.vi0            000052E2 _int_vector.vi15           
00000347 _color                     0000010A _border_color              
0000010B _border_mask               ???????? _col0                      
???????? _scroll_x                  ???????? _scroll_y                  
00000348 _mobs                      ???????? _int_vector.vo97           
???????? _music_frame               ???????? _int_vector.vo14           
???????? _int_vector.vo15           ???????? _emit_sound                
???????? _emit_sound_ecs            00000344 _gram_bitmap               
00005347 _int_vector.vi1            00000105 _gram_target               
00000106 _gram_total                00005332 _int_vector.vi3            
00000345 _gram2_bitmap              0000536A _int_vector.vii1           
00000107 _gram2_target              00000108 _gram2_total               
00005355 _int_vector.vii3           ???????? _scroll_d                  
???????? _int_vector.vi4            ???????? _int_vector.vi5            
???????? _int_vector.vi6            ???????? _int_vector.vi7            
???????? _int_vector.vi8            ???????? _int_vector.vi12           
???????? _int_vector.vi11           ???????? _scroll_buffer             
???????? _int_vector.vi10           ???????? _int_vector.vi13           
???????? _int_vector.vi9            0000597C IV_ISR                     
00005376 _next_random               ???????? _int_vector.vo98           
???????? _int_vector.vo16           ???????? _generate_music            
00000342 _frame                     ???????? ntsc_note_table            
???????? pal_note_table             ???????? _init_music.0              
00000340 _music_table               ???????? _music_mix                 
???????? _music2_mix                ???????? _play_music                
???????? @@1                        00000341 _music_p                   
???????? _music_start               ???????? _music_t                   
???????? _music_tc                  ???????? _music_vol1                
???????? _music_vol2                ???????? _music_vol3                
???????? _music2_vol1               ???????? _music2_vol2               
???????? _music2_vol3               ???????? @@6                        
???????? @@15                       ???????? @@43                       
???????? @@41                       ???????? @@42                       
???????? @@40                       ???????? @@39                       
???????? @@38                       ???????? @@37                       
???????? @@36                       ???????? _music_vol                 
0000033F _music_gosub               ???????? @@0                        
???????? _music_n1                  ???????? _music_s1                  
???????? _music_i1                  ???????? @@2                        
???????? _music_n2                  ???????? _music_s2                  
???????? _music_i2                  ???????? @@3                        
???????? _music_n3                  ???????? _music_s3                  
???????? _music_i3                  ???????? _music_n4                  
???????? _music_s4                  ???????? @@33                       
???????? _music_n5                  ???????? _music_s5                  
???????? _music_i5                  ???????? @@34                       
???????? _music_n6                  ???????? _music_s6                  
???????? _music_i6                  ???????? @@35                       
???????? _music_n7                  ???????? _music_s7                  
???????? _music_i7                  ???????? _music_n8                  
???????? _music_s8                  ???????? @@7                        
???????? _note2freq                 ???????? _music_freq10              
???????? _music_freq11              ???????? @@20                       
???????? @@8                        ???????? _music_freq20              
???????? _music_freq21              ???????? @@21                       
???????? @@9                        ???????? _music_freq30              
???????? _music_freq31              ???????? @@22                       
???????? @@4                        ???????? @@5                        
???????? @@12                       ???????? @@10                       
???????? _music_noise               ???????? _activate_drum             
???????? @@11                       ???????? @@23                       
???????? _music2_freq10             ???????? _music2_freq11             
???????? @@24                       ???????? @@25                       
???????? _music2_freq20             ???????? _music2_freq21             
???????? @@26                       ???????? @@27                       
???????? _music2_freq30             ???????? _music2_freq31             
???????? @@28                       ???????? @@29                       
???????? @@31                       ???????? @@32                       
???????? _music2_noise              ???????? _activate_drum_ecs         
???????? @@30                       ???????? _piano_instrument          
???????? _clarinet_instrument       ???????? _flute_instrument          
???????? _bass_instrument           ???????? _bass_volume               
???????? _global_volume             ???????? _piano_volume              
???????? _clarinet_vibrato          ???????? _clarinet_volume           
???????? _flute_vibrato             ???????? _flute_volume              
???????? @@table                    ???????? _music_mode                
???????? _emit_sound.0              ???????? PRNUM16                    
???????? .max_width                 ???????? .chr_clrmask               
???????? .chr_offset                ???????? .digit_base                
???????? .lzero                     ???????? .lzero_even                
???????? .lzero_odd                 ???????? @@l                        
???????? @@__l_10_4                 ???????? @@__pow4                   
???????? @@__l_10_3                 ???????? @@__fix_10_3               
???????? @@__l_10_2                 ???????? @@__pow2                   
???????? @@__l_10_1                 ???????? @@__fix_10_1               
???????? @@__l_10_0                 ???????? @@__pow0                   
???????? @@__zero                   ???????? @@z                        
???????? @@b                        ???????? @@__padding                
???????? @@__pad_ovr                ???????? @@__switch                 
???????? @@__p_10_0                 ???????? @@__p_10_1                 
???????? @@__p_10_2                 ???????? @@__p_10_3                 
???????? @@__p_10_4                 ???????? @@__pow1                   
???????? @@__pow3                   ???????? @@__d_10_4                 
???????? @@__d_10_3                 ???????? @@__d_10_2                 
???????? @@__d_10_1                 ???????? @@____size                 
000053B5 _AA.end                    000053C1 _AE1.end                   
000053CD _AO.end                    00005413 _AR.end                    
00005429 _AW.end                    00005435 _AX.end                    
00005458 _AY.end                    0000546C _BB1.end                   
0000547E _BB2.end                   0000548E _CH.end                    
0000549C _DD1.end                   000054AE _DD2.end                   
000054C2 _DH1.end                   000054D6 _DH2.end                   
000054E2 _EH.end                    000054FF _EL.end                    
00005540 _ER1.end                   00005587 _ER2.end                   
000055A4 _EY.end                    000055AD _FF.end                    
000055BF _GG1.end                   000055D1 _GG2.end                   
000055E3 _GG3.end                   000055F8 _HH1.end                   
0000560A _HH2.end                   00005616 _IH.end                    
00005647 _IY.end                    00005661 _JH.end                    
00005671 _KK1.end                   00005680 _KK2.end                   
00005696 _KK3.end                   000056A7 _LL.end                    
000056B8 _MM.end                    000056CC _NG1.end                   
000056E4 _NN1.end                   00005710 _NN2.end                   
00005731 _OR2.end                   00005747 _OW.end                    
0000576A _OY.end                    0000576A _PA1                       
0000576D _PA1.end                   0000576D _PA2                       
00005770 _PA2.end                   00005770 _PA3                       
00005773 _PA3.end                   00005773 _PA4                       
00005776 _PA4.end                   00005776 _PA5                       
0000577A _PA5.end                   0000578A _PP.end                    
000057A3 _RR1.end                   000057A3 _RR2                       
000057BD _RR2.end                   000057BD _SH                        
000057D7 _SH.end                    000057E0 _SS.end                    
000057E9 _TH.end                    000057F9 _TT1.end                   
0000580D _TT2.end                   00005819 _UH.end                    
0000582A _UW1.end                   00005844 _UW2.end                   
00005861 _VV.end                    00005881 _WH.end                    
0000589E _WW.end                    0000589E _XR2                       
000058CA _XR2.end                   000058E8 _YR.end                    
00005906 _YY1.end                   00005932 _YY2.end                   
00005943 _ZH.end                    0000595D _ZZ.end                    
0000595D IV_INIT                    00005970 IV_INIT.no_ivoice          
0000033D IV.FPTR                    0000033E IV.PPTR                    
0000010C IV.QH                      0000010D IV.QT                      
00005982 IV_ISR.ok                  00005981 IV_ISR.ald_busy            
00005981 IV_ISR.leave               0000599C IV_ISR.no_fifodata         
00005987 IV_ISR.fifo_fill           0000599C IV_ISR.fifo_busy           
0000010E IV.FLEN                    0000599A IV_ISR.last_fifo           
000059AD IV_ISR.no_fifo_ald         000059B8 IV_ISR.next_phrase         
000059D3 IV_ISR.process_phrase      00000335 IV.Q                       
000059D0 IV_ISR.play_resrom_r4      000059CD IV_ISR.new_phrase          
000059DC IV_ISR.play_fifo           000059D9 IV_ISR.play_resrom_r0      
000059E5 IV_ISR.new_fifo_ok         000059F6 IV_ISR.qtok                
000059F7 IV_PLAY                    000059F8 IV_PLAY.1                  
00005A10 IV_PLAY.leave              000059FD IV_PLAY.ok                 
00005A04 IV_PLAY.2                  00005A11 IV_PLAYW                   
00005A17 IV_PLAYW.ok                00005A4D IV_WAIT.leave              
00005A3B IV_WAIT                    00005A41 IV_WAIT.q_loop             
00005A45 IV_WAIT.s_loop             00005A4E IV_SAYNUM16                
00005A97 IV_SAYNUM16.zero           00005A53 IV_SAYNUM16.thloop         
00005A65 IV_SAYNUM16.no_thousand    00005A7E IV_SAYNUM16.recurse        
00005A7F IV_SAYNUM16.no_hundred     00005A6C IV_SAYNUM16.hloop          
00005A7F IV_SAYNUM16.notrecurse     00005A9C IV_SAYNUM16.leave          
00005A97 IV_SAYNUM16.teens          00005A88 IV_SAYNUM16.tyloop         
???????? JF.first                   ???????? JF.last                    
???????? JF.addr                    ???????? JF.row                     
???????? JF.wrcmd                   ???????? JF.rdcmd                   
???????? JF.ercmd                   ???????? JF.wrkey                   
???????? JF.rdkey                   ???????? JF.erkey                   
???????? JF.write                   ???????? JF.read                    
???????? JF.erase                   ???????? JF.INIT                    
???????? @@__code                   ???????? JF.SYSRAM                  
???????? JF.CMD                     ???????? JF.SV.R4                   
???????? JF.SV.R0                   ???????? JF.SV.R5                   
???????? JF.SV.ISR                  ???????? QSQR8_TBL                  
???????? @@mid                      ???????? qs_mpy8                    
???????? QSQR8_TBL.mid              ???????? @@ok                       
???????? qs_mpy16                   ???????? @@pos_ll                   
???????? @@pos_lh                   ???????? @@pos_hl                   
???????? uf_udiv16                  ???????? @@13                       
???????? @@14                       ???????? @@16                       
???????? __rom_stats_draw_line      ???????? double                     
???????? _rom.idx                   ???????? _rom.cnt                   
???????? _rom.segnum                ???????? _rom.size                  
???????? .ROM.SegSize               ???????? _rom.used                  
???????? .ROM.SegUsed               ???????? _rom.avlb                  
???????? .ROM.SegAvlb               ???????? __rom_stats_scale          
???????? __rom_stats_pad_left       ???????? single                     
???????? _rom.bcnt                  ???????? __rom_stats_pad_right      
00000200 Q2                         ???????? _col1                      
???????? _col2                      ???????? _col3                      
???????? _col4                      ???????? _col5                      
???????? _col6                      ???????? _col7                      
00000343 _read                      00000348 Q1                         
00000100 SCRATCH                    0000010F _SCRATCH                   
000002F0 SYSTEM                     00000308 _SYSTEM                    
                                	ROMW 16
0x0                             intybasic_map:	equ 0	; ROM map used
0x0                             intybasic_jlp:	equ 0	; JLP is used
0x0                             intybasic_cc3:	equ 0	; CC3 is used and where is RAM
0x0                             intybasic_ecs:	equ 0	; Forces to include ECS startup
0x1                             intybasic_voice:	equ 1	; Forces to include voice library
0x0                             intybasic_flash:	equ 0	; Forces to include Flash memory library
                                	IF DEFINED __FEATURE.CFGVAR
                                		CFGVAR "voice" = 1
                                	ENDI
0x0                             intybasic_scroll:	equ 0	; Forces to include scroll library
0x0                             intybasic_col:	equ 0	; Forces to include collision detection
0x0                             intybasic_keypad:	equ 0	; Forces to include keypad library
0x0                             intybasic_music:	equ 0	; Forces to include music library
0x0                             intybasic_music_ecs:	equ 0	; Forces to include music library
0x0                             intybasic_music_volume:	equ 0	; Forces to include music volume change
0x0                             intybasic_stack:	equ 0	; Forces to include stack overflow checking
0x0                             intybasic_numbers:	equ 0	; Forces to include numbers library
0x0                             intybasic_fastmult:	equ 0	; Forces to include fast multiplication
0x0                             intybasic_fastdiv:	equ 0	; Forces to include fast division/remainder
                                	;
                                	; Prologue for IntyBASIC programs
                                	; by Oscar Toledo G.  http://nanochess.org/
                                	;
                                	; Revision: Jan/30/2014. Spacing adjustment and more comments.
                                	; Revision: Apr/01/2014. It now sets the starting screen pos. for PRINT
                                	; Revision: Aug/26/2014. Added PAL detection code.
                                	; Revision: Dec/12/2014. Added optimized constant multiplication routines.
                                	;                        by James Pujals.
                                	; Revision: Jan/25/2015. Added marker for automatic title replacement.
                                	;                        (option --title of IntyBASIC)
                                	; Revision: Aug/06/2015. Turns off ECS sound. Seed random generator using
                                	;                        trash in 16-bit RAM. Solved bugs and optimized
                                	;                        macro for constant multiplication.
                                	; Revision: Jan/12/2016. Solved bug in PAL detection.
                                	; Revision: May/03/2016. Changed in _mode_select initialization.
                                	; Revision: Jul/31/2016. Solved bug in multiplication by 126 and 127.
                                	; Revision: Sep/08/2016. Now CLRSCR initializes screen position for PRINT,
                                	;                        this solves bug when user programs goes directly
                                	;                        to PRINT.
                                	; Revision: Oct/21/2016. Accelerated MEMSET.
                                	; Revision: Jan/09/2018. Adjusted PAL/NTSC constant.
                                	; Revision: Feb/05/2018. Forces initialization of Intellivoice if included.
                                	;                        So VOICE INIT ceases to be dangerous.
                                	; Revision: Oct/30/2018. Redesigned PAL/NTSC detection using intvnut code,
                                	;                        also now compatible with Tutorvision. Reformatted.
                                	; Revision: Jan/10/2018. Added ECS detection.
                                	;


                                ;	ROM.Setup intybasic_map
                                	;
                                                ; Open segment
0x5000                                          ORG     _rom.cpos
5000   000D 0050                                BIDECLE _ZERO           ; MOB picture base
5002   000D 0050                                BIDECLE _ZERO           ; Process table
5004   0040 0050                                BIDECLE _MAIN           ; Program start
5006   000D 0050                                BIDECLE _ZERO           ; Background base image
5008   000F 0050                                BIDECLE _ONES           ; GRAM
500A   002D 0050                                BIDECLE _TITLE          ; Cartridge title and date
500C   03C0                                     DECLE   $03C0           ; No ECS title, jump to code after title,
500D   0000                     _ZERO:          DECLE   $0000           ; Border control
500E   0000                                     DECLE   $0000           ; 0 = color stack, 1 = f/b mode
500F   0001 0001                _ONES:          DECLE   $0001, $0001    ; Initial color stack 0 and 1: Blue
5011   0001 0001                                DECLE   $0001, $0001    ; Initial color stack 2 and 3: Blue
5013   0001                                     DECLE   $0001           ; Initial border color: Blue

                                	; This macro will 'eat' SRCFILE directives if the assembler doesn't support the directive.
                                	IF ( DEFINED __FEATURE.SRCFILE ) = 0
                                	    MACRO SRCFILE x, y
                                	    ; macro must be non-empty, but a comment works fine.
                                	    ENDM
                                	ENDI

5014   02BC 0200                CLRSCR:	MVII #$200,R4		; Used also for CLS
5016   0244 0346                	MVO R4,_screen		; Set up starting screen position for PRINT
5018   02B9 00F0                	MVII #$F0,R1
0x501A                          FILLZERO:
501A   01C0                     	CLRR R0
0x501B                          MEMSET:
501B   007D                     	SARC R1,2
501C   020A 0002                	BNOV $+4
501E   0260                     	MVO@ R0,R4
501F   0260                     	MVO@ R0,R4
5020   0209 0001                	BNC $+3
5022   0260                     	MVO@ R0,R4
5023   0204 0005                	BEQ $+7
5025   0260                     	MVO@ R0,R4
5026   0260                     	MVO@ R0,R4
5027   0260                     	MVO@ R0,R4
5028   0260                     	MVO@ R0,R4
5029   0011                     	DECR R1
502A   022C 0006                	BNE $-5
502C   00AF                     	JR R5

                                	;
                                	; Title, Intellivision EXEC will jump over it and start
                                	; execution directly in _MAIN
                                	;
                                	; Note mark is for automatic replacement by IntyBASIC
0x502D                          _TITLE:
502D   007E 0049 006E 0074      	BYTE 126,'IntyBASIC program',0
5031   0079 0042 0041 0053 0049 0043 0020 0070 
5039   0072 006F 0067 0072 0061 006D 0000 
                                        
                                	;
                                	; Main program
                                	;
0x5040                          _MAIN:
5040   0003                     	DIS			; Disable interrupts
5041   02BE 02F0                	MVII #STACK,R6

                                	;
                                	; Clean memory
                                	;
5043   0004 0150 0014           	CALL CLRSCR		; Clean up screen, right here to avoid brief
                                				; screen display of title in Sears Intellivision.
5046   02B9 000E                	MVII #$00e,R1		; 14 of sound (ECS)
5048   02BC 00F0                	MVII #$0f0,R4		; ECS PSG
504A   0004 0150 001A           	CALL FILLZERO
504D   02B9 00FE                	MVII #$0fe,R1		; 240 words of 8 bits plus 14 of sound
504F   02BC 0100                	MVII #$100,R4		; 8-bit scratch RAM
5051   0004 0150 001A           	CALL FILLZERO

                                	; Seed random generator using 16 bit RAM (not cleared by EXEC)
5054   01C0                     	CLRR R0
5055   02BC 02F0                	MVII #$02F0,R4
5057   02B9 0044                	MVII #$0110/4,R1	; Includes phantom memory for extra randomness
0x5059                          _MAIN4:				; This loop is courtesy of GroovyBee
5059   02E0                     	ADD@ R4,R0
505A   02E0                     	ADD@ R4,R0
505B   02E0                     	ADD@ R4,R0
505C   02E0                     	ADD@ R4,R0
505D   0011                     	DECR R1
505E   022C 0006                	BNE _MAIN4
5060   0240 0104                	MVO R0,_rand

5062   02B9 0058                	MVII #$058,R1		; 88 words of 16 bits
5064   02BC 0308                	MVII #$308,R4		; 16-bit scratch RAM
5066   0004 0150 001A           	CALL FILLZERO

                                    IF intybasic_jlp
                                	MVII #$1F40,R1		; Words of 16 bits
                                	MVII #$8040,R4		; 16-bit scratch RAM
                                	CALL FILLZERO
                                    ENDI
                                    IF intybasic_cc3
                                	MVII #$1F40,R1		; Words of 16 bits
                                	MVII #intybasic_cc3*256+$40,R4	; 16-bit scratch RAM
                                	CALL FILLZERO
                                    ENDI

                                	; PAL/NTSC detect
5069   0004 0150 02B5           	CALL _set_isr
506C   506F                     	DECLE _pal1
506D   0002                     	EIS
506E   0017                     	DECR PC			; This is a kind of HALT instruction

                                	; First interrupt may come at a weird time on Tutorvision, or
                                	; if other startup timing changes.
506F   033E 0008                _pal1:	SUBI #8,R6		; Drop interrupt stack.
5071   0004 0150 02B5           	CALL _set_isr
5074   5076                     	DECLE _pal2
5075   0017                     	DECR PC

                                	; Second interrupt is safe for initializing MOBs.
                                	; We will know the screen is off after this one fires.
5076   033E 0008                _pal2:	SUBI #8,R6		; Drop interrupt stack.
5078   0004 0150 02B5           	CALL _set_isr
507B   508D                     	DECLE _pal3
                                	; clear MOBs
507C   01C0                     	CLRR R0
507D   01E4                     	CLRR R4
507E   02BA 0018                	MVII #$18,R2
0x5080                          _pal2_lp:
5080   0260                     	MVO@ R0,R4
5081   0012                     	DECR R2
5082   022C 0003                	BNE _pal2_lp
5084   0240 0030                	MVO R0,$30		; Reset horizontal delay register
5086   0240 0031                	MVO R0,$31		; Reset vertical delay register

5088   02BA FBB4                	MVII #-1100,R2		; PAL/NTSC threshold
0x508A                          _pal2_cnt:
508A   000A                     	INCR R2
508B   0220 0002                	B _pal2_cnt

                                	; The final count in R2 will either be negative or positive.
                                	; If R2 is still -ve, NTSC; else PAL.
508D   033E 0008                _pal3:	SUBI #8,R6		; Drop interrupt stack.
508F   0052                     	RLC R2,1
5090   0052                     	RLC R2,1
5091   03BA 0001                	ANDI #1,R2		; 1 = NTSC, 0 = PAL

5093   02B9 0055                	MVII #$55,R1
5095   0241 4040                	MVO R1,$4040
5097   02B9 00AA                	MVII #$AA,R1
5099   0241 4041                	MVO R1,$4041
509B   0281 4040                	MVI $4040,R1
509D   0379 0055                	CMPI #$55,R1
509F   020C 0008                	BNE _ecs1
50A1   0281 4041                	MVI $4041,R1
50A3   0379 00AA                	CMPI #$AA,R1
50A5   020C 0002                	BNE _ecs1
50A7   02FA 0002                	ADDI #2,R2		; ECS detected flag
0x50A9                          _ecs1:
50A9   0242 0103                	MVO R2,_ntsc

50AB   0004 0150 02B5           	CALL _set_isr
50AE   52BC                     	DECLE _int_vector

50AF   0004 0150 0014           	CALL CLRSCR		; Because _screen was reset to zero
50B2   0004 0150 02A1           	CALL _wait
50B5   0004 0150 03A3           	CALL _init_music
50B8   02B8 0002                	MVII #2,R0		; Color Stack mode
50BA   0240 0109                	MVO R0,_mode_select
50BC   02B8 0038                	MVII #$038,R0
50BE   0240 01F8                	MVO R0,$01F8		; Configures sound
50C0   0240 00F8                	MVO R0,$00F8		; Configures sound (ECS)
50C2   0004 0158 015D           	CALL IV_INIT_and_wait	; Setup Intellivoice

                                ;* ======================================================================== *;
                                ;*  These routines are placed into the public domain by their author.  All  *;
                                ;*  copyright rights are hereby relinquished on the routines and data in    *;
                                ;*  this file.  -- James Pujals (DZ-Jay), 2014                              *;
                                ;* ======================================================================== *;

                                ; Modified by Oscar Toledo G. (nanochess), Aug/06/2015
                                ; * Tested all multiplications with automated test.
                                ; * Accelerated multiplication by 7,14,15,28,31,60,62,63,112,120,124
                                ; * Solved bug in multiplication by 23,39,46,47,55,71,78,79,87,92,93,94,95,103,110,111,119
                                ; * Improved sequence of instructions to be more interruptible.

                                ;; ======================================================================== ;;
                                ;;  MULT reg, tmp, const                                                    ;;
                                ;;  Multiplies "reg" by constant "const" and using "tmp" for temporary      ;;
                                ;;  calculations.  The result is placed in "reg."  The multiplication is    ;;
                                ;;  performed by an optimal combination of shifts, additions, and           ;;
                                ;;  subtractions.                                                           ;;
                                ;;                                                                          ;;
                                ;;  NOTE:   The resulting contents of the "tmp" are undefined.              ;;
                                ;;                                                                          ;;
                                ;;  ARGUMENTS                                                               ;;
                                ;;      reg         A register containing the multiplicand.                 ;;
                                ;;      tmp         A register for temporary calculations.                  ;;
                                ;;      const       The constant multiplier.                                ;;
                                ;;                                                                          ;;
                                ;;  OUTPUT                                                                  ;;
                                ;;      reg         Output value.                                           ;;
                                ;;      tmp         Trashed.                                                ;;
                                ;;      .ERR.Failed True if operation failed.                               ;;
                                ;; ======================================================================== ;;
                                MACRO   MULT reg, tmp, const
                                ;
                                    LISTING "code"

                                _mul.const      QSET    %const%
                                _mul.done       QSET    0

                                        IF (%const% > $7F)
                                _mul.const      QSET    (_mul.const SHR 1)
                                                SLL     %reg%,  1
                                        ENDI

                                        ; Multiply by $00 (0)
                                        IF (_mul.const = $00)
                                _mul.done       QSET    -1
                                                CLRR    %reg%
                                        ENDI

                                        ; Multiply by $01 (1)
                                        IF (_mul.const = $01)
                                _mul.done       QSET    -1
                                                ; Nothing to do
                                        ENDI

                                        ; Multiply by $02 (2)
                                        IF (_mul.const = $02)
                                _mul.done       QSET    -1
                                                SLL     %reg%,  1
                                        ENDI

                                        ; Multiply by $03 (3)
                                        IF (_mul.const = $03)
                                _mul.done       QSET    -1
                                                MOVR    %reg%,  %tmp%
                                                SLL     %reg%,  1
                                                ADDR    %tmp%,  %reg%
                                        ENDI

                                        ; Multiply by $04 (4)
                                        IF (_mul.const = $04)
                                _mul.done       QSET    -1
                                                SLL     %reg%,  2
                                        ENDI

                                        ; Multiply by $05 (5)
                                        IF (_mul.const = $05)
                                _mul.done       QSET    -1
                                                MOVR    %reg%,  %tmp%
                                                SLL     %reg%,  2
                                                ADDR    %tmp%,  %reg%
                                        ENDI

                                        ; Multiply by $06 (6)
                                        IF (_mul.const = $06)
                                _mul.done       QSET    -1
                                                SLL     %reg%,  1
                                                MOVR    %reg%,  %tmp%
                                                SLL     %reg%,  1
                                                ADDR    %tmp%,  %reg%
                                        ENDI

                                        ; Multiply by $07 (7)
                                        IF (_mul.const = $07)
                                _mul.done       QSET    -1
                                                MOVR    %reg%,  %tmp%
                                                SLL     %reg%,  2
                                                SLL     %reg%,  1
                                                SUBR    %tmp%,  %reg%
                                        ENDI

                                        ; Multiply by $08 (8)
                                        IF (_mul.const = $08)
                                _mul.done       QSET    -1
                                                SLL     %reg%,  2
                                                SLL     %reg%,  1
                                        ENDI

                                        ; Multiply by $09 (9)
                                        IF (_mul.const = $09)
                                _mul.done       QSET    -1
                                                MOVR    %reg%,  %tmp%
                                                SLL     %reg%,  2
                                                SLL     %reg%,  1
                                                ADDR    %tmp%,  %reg%
                                        ENDI

                                        ; Multiply by $0A (10)
                                        IF (_mul.const = $0A)
                                _mul.done       QSET    -1
                                                SLL     %reg%,  1
                                                MOVR    %reg%,  %tmp%
                                                SLL     %reg%,  2
                                                ADDR    %tmp%,  %reg%
                                        ENDI

                                        ; Multiply by $0B (11)
                                        IF (_mul.const = $0B)
                                _mul.done       QSET    -1
                                                MOVR    %reg%,  %tmp%
                                                SLL     %reg%,  1
                                                ADDR    %reg%,  %tmp%
                                                SLL     %reg%,  2
                                                ADDR    %tmp%,  %reg%
                                        ENDI

                                        ; Multiply by $0C (12)
                                        IF (_mul.const = $0C)
                                _mul.done       QSET    -1
                                                SLL     %reg%,  2
                                                MOVR    %reg%,  %tmp%
                                                SLL     %reg%,  1
                                                ADDR    %tmp%,  %reg%
                                        ENDI

                                        ; Multiply by $0D (13)
                                        IF (_mul.const = $0D)
                                _mul.done       QSET    -1
                                                MOVR    %reg%,  %tmp%
                                                SLL     %reg%,  2
                                                ADDR    %reg%,  %tmp%
                                                SLL     %reg%,  1
                                                ADDR    %tmp%,  %reg%
                                        ENDI

                                        ; Multiply by $0E (14)
                                        IF (_mul.const = $0E)
                                _mul.done       QSET    -1
                                                SLL     %reg%,  1
                                                MOVR    %reg%,  %tmp%
                                                SLL     %reg%,  2
                                                SLL     %reg%,  1
                                                SUBR    %tmp%,  %reg%
                                        ENDI

                                        ; Multiply by $0F (15)
                                        IF (_mul.const = $0F)
                                _mul.done       QSET    -1
                                                MOVR    %reg%,  %tmp%
                                                SLL     %reg%,  2
                                                SLL     %reg%,  2
                                                SUBR    %tmp%,  %reg%
                                        ENDI

                                        ; Multiply by $10 (16)
                                        IF (_mul.const = $10)
                                _mul.done       QSET    -1
                                                SLL     %reg%,  2
                                                SLL     %reg%,  2
                                        ENDI

                                        ; Multiply by $11 (17)
                                        IF (_mul.const = $11)
                                _mul.done       QSET    -1
                                                MOVR    %reg%,  %tmp%
                                                SLL     %reg%,  2
                                                SLL     %reg%,  2
                                                ADDR    %tmp%,  %reg%
                                        ENDI

                                        ; Multiply by $12 (18)
                                        IF (_mul.const = $12)
                                _mul.done       QSET    -1
                                                SLL     %reg%,  1
                                                MOVR    %reg%,  %tmp%
                                                SLL     %reg%,  2
                                                SLL     %reg%,  1
                                                ADDR    %tmp%,  %reg%
                                        ENDI

                                        ; Multiply by $13 (19)
                                        IF (_mul.const = $13)
                                _mul.done       QSET    -1
                                                MOVR    %reg%,  %tmp%
                                                SLL     %reg%,  1
                                                ADDR    %reg%,  %tmp%
                                                SLL     %reg%,  2
                                                SLL     %reg%,  1
                                                ADDR    %tmp%,  %reg%
                                        ENDI

                                        ; Multiply by $14 (20)
                                        IF (_mul.const = $14)
                                _mul.done       QSET    -1
                                                SLL     %reg%,  2
                                                MOVR    %reg%,  %tmp%
                                                SLL     %reg%,  2
                                                ADDR    %tmp%,  %reg%
                                        ENDI

                                        ; Multiply by $15 (21)
                                        IF (_mul.const = $15)
                                _mul.done       QSET    -1
                                                MOVR    %reg%,  %tmp%
                                                SLL     %reg%,  2
                                                ADDR    %reg%,  %tmp%
                                                SLL     %reg%,  2
                                                ADDR    %tmp%,  %reg%
                                        ENDI

                                        ; Multiply by $16 (22)
                                        IF (_mul.const = $16)
                                _mul.done       QSET    -1
                                                SLL     %reg%,  1
                                                MOVR    %reg%,  %tmp%
                                                SLL     %reg%,  1
                                                ADDR    %reg%,  %tmp%
                                                SLL     %reg%,  2
                                                ADDR    %tmp%,  %reg%
                                        ENDI

                                        ; Multiply by $17 (23)
                                        IF (_mul.const = $17)
                                _mul.done       QSET    -1
                                                MOVR    %reg%,  %tmp%
                                                SLL     %reg%,  2
                                                SLL     %reg%,  1
                                                SUBR    %reg%,  %tmp%
                                                SLL     %reg%,  1
                                                SUBR    %tmp%,  %reg%
                                        ENDI

                                        ; Multiply by $18 (24)
                                        IF (_mul.const = $18)
                                _mul.done       QSET    -1
                                                SLL     %reg%,  2
                                                SLL     %reg%,  1
                                                MOVR    %reg%,  %tmp%
                                                SLL     %reg%,  1
                                                ADDR    %tmp%,  %reg%
                                        ENDI

                                        ; Multiply by $19 (25)
                                        IF (_mul.const = $19)
                                _mul.done       QSET    -1
                                                MOVR    %reg%,  %tmp%
                                                SLL     %reg%,  2
                                                SLL     %reg%,  1
                                                ADDR    %reg%,  %tmp%
                                                SLL     %reg%,  1
                                                ADDR    %tmp%,  %reg%
                                        ENDI

                                        ; Multiply by $1A (26)
                                        IF (_mul.const = $1A)
                                _mul.done       QSET    -1
                                                SLL     %reg%,  1
                                                MOVR    %reg%,  %tmp%
                                                SLL     %reg%,  2
                                                ADDR    %reg%,  %tmp%
                                                SLL     %reg%,  1
                                                ADDR    %tmp%,  %reg%
                                        ENDI

                                        ; Multiply by $1B (27)
                                        IF (_mul.const = $1B)
                                _mul.done       QSET    -1
                                                MOVR    %reg%,  %tmp%
                                                SLL     %reg%,  1
                                                ADDR    %reg%,  %tmp%
                                                SLL     %reg%,  2
                                                ADDR    %reg%,  %tmp%
                                                SLL     %reg%,  1
                                                ADDR    %tmp%,  %reg%
                                        ENDI

                                        ; Multiply by $1C (28)
                                        IF (_mul.const = $1C)
                                _mul.done       QSET    -1
                                                SLL     %reg%,  2
                                                MOVR    %reg%,  %tmp%
                                                SLL     %reg%,  2
                                                SLL     %reg%,  1
                                                SUBR    %tmp%,  %reg%
                                        ENDI

                                        ; Multiply by $1D (29)
                                        IF (_mul.const = $1D)
                                _mul.done       QSET    -1
                                                MOVR    %reg%,  %tmp%
                                                SLL     %reg%,  2
                                                SUBR    %reg%,  %tmp%
                                                SLL     %reg%,  2
                                                SLL     %reg%,  1
                                                ADDR    %tmp%,  %reg%
                                        ENDI

                                        ; Multiply by $1E (30)
                                        IF (_mul.const = $1E)
                                _mul.done       QSET    -1
                                                SLL     %reg%,  1
                                                MOVR    %reg%,  %tmp%
                                                SLL     %reg%,  2
                                                SLL     %reg%,  2
                                                SUBR    %tmp%,  %reg%
                                        ENDI

                                        ; Multiply by $1F (31)
                                        IF (_mul.const = $1F)
                                _mul.done       QSET    -1
                                                MOVR    %reg%,  %tmp%
                                                SLL     %reg%,  2
                                                SLL     %reg%,  2
                                		ADDR	%reg%,	%reg%
                                                SUBR    %tmp%,  %reg%
                                        ENDI

                                        ; Multiply by $20 (32)
                                        IF (_mul.const = $20)
                                _mul.done       QSET    -1
                                                SLL     %reg%,  2
                                                SLL     %reg%,  2
                                		ADDR	%reg%,	%reg%
                                        ENDI

                                        ; Multiply by $21 (33)
                                        IF (_mul.const = $21)
                                _mul.done       QSET    -1
                                                MOVR    %reg%,  %tmp%
                                                SLL     %reg%,  2
                                                SLL     %reg%,  2
                                		ADDR	%reg%,	%reg%
                                                ADDR    %tmp%,  %reg%
                                        ENDI

                                        ; Multiply by $22 (34)
                                        IF (_mul.const = $22)
                                _mul.done       QSET    -1
                                                SLL     %reg%,  1
                                                MOVR    %reg%,  %tmp%
                                                SLL     %reg%,  2
                                                SLL     %reg%,  2
                                                ADDR    %tmp%,  %reg%
                                        ENDI

                                        ; Multiply by $23 (35)
                                        IF (_mul.const = $23)
                                _mul.done       QSET    -1
                                                MOVR    %reg%,  %tmp%
                                                SLL     %reg%,  1
                                                ADDR    %reg%,  %tmp%
                                                SLL     %reg%,  2
                                                SLL     %reg%,  2
                                                ADDR    %tmp%,  %reg%
                                        ENDI

                                        ; Multiply by $24 (36)
                                        IF (_mul.const = $24)
                                _mul.done       QSET    -1
                                                SLL     %reg%,  2
                                                MOVR    %reg%,  %tmp%
                                                SLL     %reg%,  2
                                                SLL     %reg%,  1
                                                ADDR    %tmp%,  %reg%
                                        ENDI

                                        ; Multiply by $25 (37)
                                        IF (_mul.const = $25)
                                _mul.done       QSET    -1
                                                MOVR    %reg%,  %tmp%
                                                SLL     %reg%,  2
                                                ADDR    %reg%,  %tmp%
                                                SLL     %reg%,  2
                                                SLL     %reg%,  1
                                                ADDR    %tmp%,  %reg%
                                        ENDI

                                        ; Multiply by $26 (38)
                                        IF (_mul.const = $26)
                                _mul.done       QSET    -1
                                                SLL     %reg%,  1
                                                MOVR    %reg%,  %tmp%
                                                SLL     %reg%,  1
                                                ADDR    %reg%,  %tmp%
                                                SLL     %reg%,  2
                                                SLL     %reg%,  1
                                                ADDR    %tmp%,  %reg%
                                        ENDI

                                        ; Multiply by $27 (39)
                                        IF (_mul.const = $27)
                                _mul.done       QSET    -1
                                                MOVR    %reg%,  %tmp%
                                                SLL     %reg%,  2
                                                SLL     %reg%,  1
                                                SUBR    %reg%,  %tmp%
                                                SLL     %reg%,  2
                                		SUBR	%tmp%,	%reg%
                                        ENDI

                                        ; Multiply by $28 (40)
                                        IF (_mul.const = $28)
                                _mul.done       QSET    -1
                                                SLL     %reg%,  2
                                                SLL     %reg%,  1
                                                MOVR    %reg%,  %tmp%
                                                SLL     %reg%,  2
                                                ADDR    %tmp%,  %reg%
                                        ENDI

                                        ; Multiply by $29 (41)
                                        IF (_mul.const = $29)
                                _mul.done       QSET    -1
                                                MOVR    %reg%,  %tmp%
                                                SLL     %reg%,  2
                                                SLL     %reg%,  1
                                                ADDR    %reg%,  %tmp%
                                                SLL     %reg%,  2
                                                ADDR    %tmp%,  %reg%
                                        ENDI

                                        ; Multiply by $2A (42)
                                        IF (_mul.const = $2A)
                                _mul.done       QSET    -1
                                                SLL     %reg%,  1
                                                MOVR    %reg%,  %tmp%
                                                SLL     %reg%,  2
                                                ADDR    %reg%,  %tmp%
                                                SLL     %reg%,  2
                                                ADDR    %tmp%,  %reg%
                                        ENDI

                                        ; Multiply by $2B (43)
                                        IF (_mul.const = $2B)
                                _mul.done       QSET    -1
                                                MOVR    %reg%,  %tmp%
                                                SLL     %reg%,  1
                                                ADDR    %reg%,  %tmp%
                                                SLL     %reg%,  2
                                                ADDR    %reg%,  %tmp%
                                                SLL     %reg%,  2
                                                ADDR    %tmp%,  %reg%
                                        ENDI

                                        ; Multiply by $2C (44)
                                        IF (_mul.const = $2C)
                                _mul.done       QSET    -1
                                                SLL     %reg%,  2
                                                MOVR    %reg%,  %tmp%
                                                SLL     %reg%,  1
                                                ADDR    %reg%,  %tmp%
                                                SLL     %reg%,  2
                                                ADDR    %tmp%,  %reg%
                                        ENDI

                                        ; Multiply by $2D (45)
                                        IF (_mul.const = $2D)
                                _mul.done       QSET    -1
                                                MOVR    %reg%,  %tmp%
                                                SLL     %reg%,  2
                                                ADDR    %reg%,  %tmp%
                                                SLL     %reg%,  1
                                                ADDR    %reg%,  %tmp%
                                                SLL     %reg%,  2
                                                ADDR    %tmp%,  %reg%
                                        ENDI

                                        ; Multiply by $2E (46)
                                        IF (_mul.const = $2E)
                                _mul.done       QSET    -1
                                                SLL     %reg%,  1
                                                MOVR    %reg%,  %tmp%
                                                SLL     %reg%,  2
                                                SLL     %reg%,  1
                                                SUBR    %reg%,  %tmp%
                                                SLL     %reg%,  1
                                		SUBR	%tmp%,  %reg%
                                        ENDI

                                        ; Multiply by $2F (47)
                                        IF (_mul.const = $2F)
                                _mul.done       QSET    -1
                                                MOVR    %reg%,  %tmp%
                                                SLL     %reg%,  2
                                                SLL     %reg%,  2
                                                SUBR    %reg%,  %tmp%
                                                SLL     %reg%,  1
                                		SUBR	%tmp%,  %reg%
                                        ENDI

                                        ; Multiply by $30 (48)
                                        IF (_mul.const = $30)
                                _mul.done       QSET    -1
                                                SLL     %reg%,  2
                                                SLL     %reg%,  2
                                                MOVR    %reg%,  %tmp%
                                                SLL     %reg%,  1
                                                ADDR    %tmp%,  %reg%
                                        ENDI

                                        ; Multiply by $31 (49)
                                        IF (_mul.const = $31)
                                _mul.done       QSET    -1
                                                MOVR    %reg%,  %tmp%
                                                SLL     %reg%,  2
                                                SLL     %reg%,  2
                                                ADDR    %reg%,  %tmp%
                                                SLL     %reg%,  1
                                                ADDR    %tmp%,  %reg%
                                        ENDI

                                        ; Multiply by $32 (50)
                                        IF (_mul.const = $32)
                                _mul.done       QSET    -1
                                                SLL     %reg%,  1
                                                MOVR    %reg%,  %tmp%
                                                SLL     %reg%,  2
                                                SLL     %reg%,  1
                                                ADDR    %reg%,  %tmp%
                                                SLL     %reg%,  1
                                                ADDR    %tmp%,  %reg%
                                        ENDI

                                        ; Multiply by $33 (51)
                                        IF (_mul.const = $33)
                                _mul.done       QSET    -1
                                                MOVR    %reg%,  %tmp%
                                                SLL     %reg%,  1
                                                ADDR    %reg%,  %tmp%
                                                SLL     %reg%,  2
                                                SLL     %reg%,  1
                                                ADDR    %reg%,  %tmp%
                                                SLL     %reg%,  1
                                                ADDR    %tmp%,  %reg%
                                        ENDI

                                        ; Multiply by $34 (52)
                                        IF (_mul.const = $34)
                                _mul.done       QSET    -1
                                                SLL     %reg%,  2
                                                MOVR    %reg%,  %tmp%
                                                SLL     %reg%,  2
                                                ADDR    %reg%,  %tmp%
                                                SLL     %reg%,  1
                                                ADDR    %tmp%,  %reg%
                                        ENDI

                                        ; Multiply by $35 (53)
                                        IF (_mul.const = $35)
                                _mul.done       QSET    -1
                                                MOVR    %reg%,  %tmp%
                                                SLL     %reg%,  2
                                                ADDR    %reg%,  %tmp%
                                                SLL     %reg%,  2
                                                ADDR    %reg%,  %tmp%
                                                SLL     %reg%,  1
                                                ADDR    %tmp%,  %reg%
                                        ENDI

                                        ; Multiply by $36 (54)
                                        IF (_mul.const = $36)
                                _mul.done       QSET    -1
                                                SLL     %reg%,  1
                                                MOVR    %reg%,  %tmp%
                                                SLL     %reg%,  1
                                                ADDR    %reg%,  %tmp%
                                                SLL     %reg%,  2
                                                ADDR    %reg%,  %tmp%
                                                SLL     %reg%,  1
                                                ADDR    %tmp%,  %reg%
                                        ENDI

                                        ; Multiply by $37 (55)
                                        IF (_mul.const = $37)
                                _mul.done       QSET    -1
                                                MOVR    %reg%,  %tmp%
                                                SLL     %reg%,  2
                                                SLL     %reg%,  1
                                                ADDR    %reg%,  %tmp%
                                                SLL     %reg%,  2
                                		SLL	%reg%,	1
                                		SUBR	%tmp%,	%reg%
                                        ENDI

                                        ; Multiply by $38 (56)
                                        IF (_mul.const = $38)
                                _mul.done       QSET    -1
                                                SLL     %reg%,  2
                                                SLL     %reg%,  1
                                                MOVR    %reg%,  %tmp%
                                                SLL     %reg%,  2
                                                SLL     %reg%,  1
                                                SUBR    %tmp%,  %reg%
                                        ENDI

                                        ; Multiply by $39 (57)
                                        IF (_mul.const = $39)
                                _mul.done       QSET    -1
                                                MOVR    %reg%,  %tmp%
                                                SLL     %reg%,  2
                                                SLL     %reg%,  1
                                                SUBR    %reg%,  %tmp%
                                                SLL     %reg%,  2
                                                SLL     %reg%,  1
                                                ADDR    %tmp%,  %reg%
                                        ENDI

                                        ; Multiply by $3A (58)
                                        IF (_mul.const = $3A)
                                _mul.done       QSET    -1
                                                SLL     %reg%,  1
                                                MOVR    %reg%,  %tmp%
                                                SLL     %reg%,  2
                                                SUBR    %reg%,  %tmp%
                                                SLL     %reg%,  2
                                                SLL     %reg%,  1
                                                ADDR    %tmp%,  %reg%
                                        ENDI

                                        ; Multiply by $3B (59)
                                        IF (_mul.const = $3B)
                                _mul.done       QSET    -1
                                                MOVR    %reg%,  %tmp%
                                                SLL     %reg%,  1
                                                ADDR    %reg%,  %tmp%
                                                SLL     %reg%,  2
                                                SUBR    %reg%,  %tmp%
                                                SLL     %reg%,  2
                                                SLL     %reg%,  1
                                                ADDR    %tmp%,  %reg%
                                        ENDI

                                        ; Multiply by $3C (60)
                                        IF (_mul.const = $3C)
                                _mul.done       QSET    -1
                                                SLL     %reg%,  2
                                                MOVR    %reg%,  %tmp%
                                                SLL     %reg%,  2
                                                SLL     %reg%,  2
                                                SUBR    %tmp%,  %reg%
                                        ENDI

                                        ; Multiply by $3D (61)
                                        IF (_mul.const = $3D)
                                _mul.done       QSET    -1
                                                MOVR    %reg%,  %tmp%
                                                SLL     %reg%,  2
                                                SUBR    %reg%,  %tmp%
                                                SLL     %reg%,  2
                                                SLL     %reg%,  2
                                                ADDR    %tmp%,  %reg%
                                        ENDI

                                        ; Multiply by $3E (62)
                                        IF (_mul.const = $3E)
                                _mul.done       QSET    -1
                                                SLL     %reg%,  1
                                                MOVR    %reg%,  %tmp%
                                                SLL     %reg%,  2
                                                SLL     %reg%,  2
                                		ADDR	%reg%,	%reg%
                                                SUBR    %tmp%,  %reg%
                                        ENDI

                                        ; Multiply by $3F (63)
                                        IF (_mul.const = $3F)
                                _mul.done       QSET    -1
                                                MOVR    %reg%,  %tmp%
                                                SLL     %reg%,  2
                                                SLL     %reg%,  2
                                                SLL     %reg%,  2
                                                SUBR    %tmp%,  %reg%
                                        ENDI

                                        ; Multiply by $40 (64)
                                        IF (_mul.const = $40)
                                _mul.done       QSET    -1
                                                SLL     %reg%,  2
                                                SLL     %reg%,  2
                                                SLL     %reg%,  2
                                        ENDI

                                        ; Multiply by $41 (65)
                                        IF (_mul.const = $41)
                                _mul.done       QSET    -1
                                                MOVR    %reg%,  %tmp%
                                                SLL     %reg%,  2
                                                SLL     %reg%,  2
                                                SLL     %reg%,  2
                                                ADDR    %tmp%,  %reg%
                                        ENDI

                                        ; Multiply by $42 (66)
                                        IF (_mul.const = $42)
                                _mul.done       QSET    -1
                                                SLL     %reg%,  1
                                                MOVR    %reg%,  %tmp%
                                                SLL     %reg%,  2
                                                SLL     %reg%,  2
                                		ADDR	%reg%,	%reg%
                                                ADDR    %tmp%,  %reg%
                                        ENDI

                                        ; Multiply by $43 (67)
                                        IF (_mul.const = $43)
                                _mul.done       QSET    -1
                                                MOVR    %reg%,  %tmp%
                                                SLL     %reg%,  1
                                                ADDR    %reg%,  %tmp%
                                                SLL     %reg%,  2
                                                SLL     %reg%,  2
                                		ADDR	%reg%,	%reg%
                                                ADDR    %tmp%,  %reg%
                                        ENDI

                                        ; Multiply by $44 (68)
                                        IF (_mul.const = $44)
                                _mul.done       QSET    -1
                                                SLL     %reg%,  2
                                                MOVR    %reg%,  %tmp%
                                                SLL     %reg%,  2
                                                SLL     %reg%,  2
                                                ADDR    %tmp%,  %reg%
                                        ENDI

                                        ; Multiply by $45 (69)
                                        IF (_mul.const = $45)
                                _mul.done       QSET    -1
                                                MOVR    %reg%,  %tmp%
                                                SLL     %reg%,  2
                                                ADDR    %reg%,  %tmp%
                                                SLL     %reg%,  2
                                                SLL     %reg%,  2
                                                ADDR    %tmp%,  %reg%
                                        ENDI

                                        ; Multiply by $46 (70)
                                        IF (_mul.const = $46)
                                _mul.done       QSET    -1
                                                SLL     %reg%,  1
                                                MOVR    %reg%,  %tmp%
                                                SLL     %reg%,  1
                                                ADDR    %reg%,  %tmp%
                                                SLL     %reg%,  2
                                                SLL     %reg%,  2
                                                ADDR    %tmp%,  %reg%
                                        ENDI

                                        ; Multiply by $47 (71)
                                        IF (_mul.const = $47)
                                _mul.done       QSET    -1
                                                MOVR    %reg%,  %tmp%
                                                SLL     %reg%,  2
                                                SLL     %reg%,  1
                                                SUBR    %reg%,  %tmp%
                                                SLL     %reg%,  2
                                                SLL     %reg%,  1
                                		SUBR	%tmp%,	%reg%
                                        ENDI

                                        ; Multiply by $48 (72)
                                        IF (_mul.const = $48)
                                _mul.done       QSET    -1
                                                SLL     %reg%,  2
                                                SLL     %reg%,  1
                                                MOVR    %reg%,  %tmp%
                                                SLL     %reg%,  2
                                                SLL     %reg%,  1
                                                ADDR    %tmp%,  %reg%
                                        ENDI

                                        ; Multiply by $49 (73)
                                        IF (_mul.const = $49)
                                _mul.done       QSET    -1
                                                MOVR    %reg%,  %tmp%
                                                SLL     %reg%,  2
                                                SLL     %reg%,  1
                                                ADDR    %reg%,  %tmp%
                                                SLL     %reg%,  2
                                                SLL     %reg%,  1
                                                ADDR    %tmp%,  %reg%
                                        ENDI

                                        ; Multiply by $4A (74)
                                        IF (_mul.const = $4A)
                                _mul.done       QSET    -1
                                                SLL     %reg%,  1
                                                MOVR    %reg%,  %tmp%
                                                SLL     %reg%,  2
                                                ADDR    %reg%,  %tmp%
                                                SLL     %reg%,  2
                                                SLL     %reg%,  1
                                                ADDR    %tmp%,  %reg%
                                        ENDI

                                        ; Multiply by $4B (75)
                                        IF (_mul.const = $4B)
                                _mul.done       QSET    -1
                                                MOVR    %reg%,  %tmp%
                                                SLL     %reg%,  1
                                                ADDR    %reg%,  %tmp%
                                                SLL     %reg%,  2
                                                ADDR    %reg%,  %tmp%
                                                SLL     %reg%,  2
                                                SLL     %reg%,  1
                                                ADDR    %tmp%,  %reg%
                                        ENDI

                                        ; Multiply by $4C (76)
                                        IF (_mul.const = $4C)
                                _mul.done       QSET    -1
                                                SLL     %reg%,  2
                                                MOVR    %reg%,  %tmp%
                                                SLL     %reg%,  1
                                                ADDR    %reg%,  %tmp%
                                                SLL     %reg%,  2
                                                SLL     %reg%,  1
                                                ADDR    %tmp%,  %reg%
                                        ENDI

                                        ; Multiply by $4D (77)
                                        IF (_mul.const = $4D)
                                _mul.done       QSET    -1
                                                MOVR    %reg%,  %tmp%
                                                SLL     %reg%,  2
                                                ADDR    %reg%,  %tmp%
                                                SLL     %reg%,  1
                                                ADDR    %reg%,  %tmp%
                                                SLL     %reg%,  2
                                                SLL     %reg%,  1
                                                ADDR    %tmp%,  %reg%
                                        ENDI

                                        ; Multiply by $4E (78)
                                        IF (_mul.const = $4E)
                                _mul.done       QSET    -1
                                                SLL     %reg%,  1
                                                MOVR    %reg%,  %tmp%
                                                SLL     %reg%,  2
                                                SLL     %reg%,  1
                                                SUBR    %reg%,  %tmp%
                                                SLL     %reg%,  2
                                		SUBR	%tmp%,	%reg%
                                        ENDI

                                        ; Multiply by $4F (79)
                                        IF (_mul.const = $4F)
                                _mul.done       QSET    -1
                                                MOVR    %reg%,  %tmp%
                                                SLL     %reg%,  2
                                                SLL     %reg%,  2
                                                SUBR    %reg%,  %tmp%
                                                SLL     %reg%,  2
                                		SUBR	%tmp%,	%reg%
                                        ENDI

                                        ; Multiply by $50 (80)
                                        IF (_mul.const = $50)
                                _mul.done       QSET    -1
                                                SLL     %reg%,  2
                                                SLL     %reg%,  2
                                                MOVR    %reg%,  %tmp%
                                                SLL     %reg%,  2
                                                ADDR    %tmp%,  %reg%
                                        ENDI

                                        ; Multiply by $51 (81)
                                        IF (_mul.const = $51)
                                _mul.done       QSET    -1
                                                MOVR    %reg%,  %tmp%
                                                SLL     %reg%,  2
                                                SLL     %reg%,  2
                                                ADDR    %reg%,  %tmp%
                                                SLL     %reg%,  2
                                                ADDR    %tmp%,  %reg%
                                        ENDI

                                        ; Multiply by $52 (82)
                                        IF (_mul.const = $52)
                                _mul.done       QSET    -1
                                                SLL     %reg%,  1
                                                MOVR    %reg%,  %tmp%
                                                SLL     %reg%,  2
                                                SLL     %reg%,  1
                                                ADDR    %reg%,  %tmp%
                                                SLL     %reg%,  2
                                                ADDR    %tmp%,  %reg%
                                        ENDI

                                        ; Multiply by $53 (83)
                                        IF (_mul.const = $53)
                                _mul.done       QSET    -1
                                                MOVR    %reg%,  %tmp%
                                                SLL     %reg%,  1
                                                ADDR    %reg%,  %tmp%
                                                SLL     %reg%,  2
                                                SLL     %reg%,  1
                                                ADDR    %reg%,  %tmp%
                                                SLL     %reg%,  2
                                                ADDR    %tmp%,  %reg%
                                        ENDI

                                        ; Multiply by $54 (84)
                                        IF (_mul.const = $54)
                                _mul.done       QSET    -1
                                                SLL     %reg%,  2
                                                MOVR    %reg%,  %tmp%
                                                SLL     %reg%,  2
                                                ADDR    %reg%,  %tmp%
                                                SLL     %reg%,  2
                                                ADDR    %tmp%,  %reg%
                                        ENDI

                                        ; Multiply by $55 (85)
                                        IF (_mul.const = $55)
                                _mul.done       QSET    -1
                                                MOVR    %reg%,  %tmp%
                                                SLL     %reg%,  2
                                                ADDR    %reg%,  %tmp%
                                                SLL     %reg%,  2
                                                ADDR    %reg%,  %tmp%
                                                SLL     %reg%,  2
                                                ADDR    %tmp%,  %reg%
                                        ENDI

                                        ; Multiply by $56 (86)
                                        IF (_mul.const = $56)
                                _mul.done       QSET    -1
                                                SLL     %reg%,  1
                                                MOVR    %reg%,  %tmp%
                                                SLL     %reg%,  1
                                                ADDR    %reg%,  %tmp%
                                                SLL     %reg%,  2
                                                ADDR    %reg%,  %tmp%
                                                SLL     %reg%,  2
                                                ADDR    %tmp%,  %reg%
                                        ENDI

                                        ; Multiply by $57 (87)
                                        IF (_mul.const = $57)
                                _mul.done       QSET    -1
                                                MOVR    %reg%,  %tmp%
                                                SLL     %reg%,  2
                                                SLL     %reg%,  1
                                                SUBR    %reg%,  %tmp%
                                                SLL     %reg%,  1
                                		SUBR    %reg%,	%tmp%
                                                SLL     %reg%,  2
                                		SUBR	%tmp%,	%reg%
                                        ENDI

                                        ; Multiply by $58 (88)
                                        IF (_mul.const = $58)
                                _mul.done       QSET    -1
                                                SLL     %reg%,  2
                                                SLL     %reg%,  1
                                                MOVR    %reg%,  %tmp%
                                                SLL     %reg%,  1
                                                ADDR    %reg%,  %tmp%
                                                SLL     %reg%,  2
                                                ADDR    %tmp%,  %reg%
                                        ENDI

                                        ; Multiply by $59 (89)
                                        IF (_mul.const = $59)
                                _mul.done       QSET    -1
                                                MOVR    %reg%,  %tmp%
                                                SLL     %reg%,  2
                                                SLL     %reg%,  1
                                                ADDR    %reg%,  %tmp%
                                                SLL     %reg%,  1
                                                ADDR    %reg%,  %tmp%
                                                SLL     %reg%,  2
                                                ADDR    %tmp%,  %reg%
                                        ENDI

                                        ; Multiply by $5A (90)
                                        IF (_mul.const = $5A)
                                _mul.done       QSET    -1
                                                SLL     %reg%,  1
                                                MOVR    %reg%,  %tmp%
                                                SLL     %reg%,  2
                                                ADDR    %reg%,  %tmp%
                                                SLL     %reg%,  1
                                                ADDR    %reg%,  %tmp%
                                                SLL     %reg%,  2
                                                ADDR    %tmp%,  %reg%
                                        ENDI

                                        ; Multiply by $5B (91)
                                        IF (_mul.const = $5B)
                                _mul.done       QSET    -1
                                                MOVR    %reg%,  %tmp%
                                                SLL     %reg%,  1
                                                ADDR    %reg%,  %tmp%
                                                SLL     %reg%,  2
                                                ADDR    %reg%,  %tmp%
                                                SLL     %reg%,  1
                                                ADDR    %reg%,  %tmp%
                                                SLL     %reg%,  2
                                                ADDR    %tmp%,  %reg%
                                        ENDI

                                        ; Multiply by $5C (92)
                                        IF (_mul.const = $5C)
                                _mul.done       QSET    -1
                                                SLL     %reg%,  2
                                                MOVR    %reg%,  %tmp%
                                                SLL     %reg%,  2
                                                SLL     %reg%,  1
                                                SUBR    %reg%,  %tmp%
                                                SLL     %reg%,  1
                                		SUBR	%tmp%,	%reg%
                                        ENDI

                                        ; Multiply by $5D (93)
                                        IF (_mul.const = $5D)
                                _mul.done       QSET    -1
                                		MOVR	%reg%,	%tmp%
                                                SLL     %reg%,  1
                                                ADDR    %reg%,  %tmp%
                                                SLL     %reg%,  2
                                                SLL     %reg%,  2
                                                SUBR    %reg%,  %tmp%
                                                SLL     %reg%,  1
                                		SUBR	%tmp%,	%reg%
                                        ENDI

                                        ; Multiply by $5E (94)
                                        IF (_mul.const = $5E)
                                _mul.done       QSET    -1
                                                SLL     %reg%,  1
                                                MOVR    %reg%,  %tmp%
                                                SLL     %reg%,  2
                                                SLL     %reg%,  2
                                                SUBR    %reg%,  %tmp%
                                                SLL     %reg%,  1
                                		SUBR	%tmp%,	%reg%
                                        ENDI

                                        ; Multiply by $5F (95)
                                        IF (_mul.const = $5F)
                                _mul.done       QSET    -1
                                                MOVR    %reg%,  %tmp%
                                                ADDR	%reg%,	%reg%
                                                SLL     %reg%,  2
                                                SLL     %reg%,  2
                                                SUBR    %reg%,  %tmp%
                                                SLL     %reg%,  1
                                		SUBR	%tmp%,	%reg%
                                        ENDI

                                        ; Multiply by $60 (96)
                                        IF (_mul.const = $60)
                                _mul.done       QSET    -1
                                                SLL     %reg%,  2
                                                SLL     %reg%,  2
                                		ADDR	%reg%,	%reg%
                                                MOVR    %reg%,  %tmp%
                                                SLL     %reg%,  1
                                                ADDR    %tmp%,  %reg%
                                        ENDI

                                        ; Multiply by $61 (97)
                                        IF (_mul.const = $61)
                                _mul.done       QSET    -1
                                                MOVR    %reg%,  %tmp%
                                                SLL     %reg%,  2
                                                SLL     %reg%,  2
                                                SLL     %reg%,  1
                                                ADDR    %reg%,  %tmp%
                                                SLL     %reg%,  1
                                                ADDR    %tmp%,  %reg%
                                        ENDI

                                        ; Multiply by $62 (98)
                                        IF (_mul.const = $62)
                                _mul.done       QSET    -1
                                                SLL     %reg%,  1
                                                MOVR    %reg%,  %tmp%
                                                SLL     %reg%,  2
                                                SLL     %reg%,  2
                                                ADDR    %reg%,  %tmp%
                                                SLL     %reg%,  1
                                                ADDR    %tmp%,  %reg%
                                        ENDI

                                        ; Multiply by $63 (99)
                                        IF (_mul.const = $63)
                                _mul.done       QSET    -1
                                                MOVR    %reg%,  %tmp%
                                                SLL     %reg%,  1
                                                ADDR    %reg%,  %tmp%
                                                SLL     %reg%,  2
                                                SLL     %reg%,  2
                                                ADDR    %reg%,  %tmp%
                                                SLL     %reg%,  1
                                                ADDR    %tmp%,  %reg%
                                        ENDI

                                        ; Multiply by $64 (100)
                                        IF (_mul.const = $64)
                                _mul.done       QSET    -1
                                                SLL     %reg%,  2
                                                MOVR    %reg%,  %tmp%
                                                SLL     %reg%,  2
                                                SLL     %reg%,  1
                                                ADDR    %reg%,  %tmp%
                                                SLL     %reg%,  1
                                                ADDR    %tmp%,  %reg%
                                        ENDI

                                        ; Multiply by $65 (101)
                                        IF (_mul.const = $65)
                                _mul.done       QSET    -1
                                                MOVR    %reg%,  %tmp%
                                                SLL     %reg%,  2
                                                ADDR    %reg%,  %tmp%
                                                SLL     %reg%,  2
                                                SLL     %reg%,  1
                                                ADDR    %reg%,  %tmp%
                                                SLL     %reg%,  1
                                                ADDR    %tmp%,  %reg%
                                        ENDI

                                        ; Multiply by $66 (102)
                                        IF (_mul.const = $66)
                                _mul.done       QSET    -1
                                                SLL     %reg%,  1
                                                MOVR    %reg%,  %tmp%
                                                SLL     %reg%,  1
                                                ADDR    %reg%,  %tmp%
                                                SLL     %reg%,  2
                                                SLL     %reg%,  1
                                                ADDR    %reg%,  %tmp%
                                                SLL     %reg%,  1
                                                ADDR    %tmp%,  %reg%
                                        ENDI

                                        ; Multiply by $67 (103)
                                        IF (_mul.const = $67)
                                _mul.done       QSET    -1
                                                MOVR    %reg%,  %tmp%
                                                SLL     %reg%,  2
                                                SLL     %reg%,  1
                                                SUBR    %reg%,  %tmp%
                                                SLL     %reg%,  2
                                                SUBR    %reg%,  %tmp%
                                                SLL     %reg%,  1
                                                SUBR    %tmp%,  %reg%
                                        ENDI

                                        ; Multiply by $68 (104)
                                        IF (_mul.const = $68)
                                _mul.done       QSET    -1
                                                SLL     %reg%,  2
                                                SLL     %reg%,  1
                                                MOVR    %reg%,  %tmp%
                                                SLL     %reg%,  2
                                                ADDR    %reg%,  %tmp%
                                                SLL     %reg%,  1
                                                ADDR    %tmp%,  %reg%
                                        ENDI

                                        ; Multiply by $69 (105)
                                        IF (_mul.const = $69)
                                _mul.done       QSET    -1
                                                MOVR    %reg%,  %tmp%
                                                SLL     %reg%,  2
                                                SLL     %reg%,  1
                                                ADDR    %reg%,  %tmp%
                                                SLL     %reg%,  2
                                                ADDR    %reg%,  %tmp%
                                                SLL     %reg%,  1
                                                ADDR    %tmp%,  %reg%
                                        ENDI

                                        ; Multiply by $6A (106)
                                        IF (_mul.const = $6A)
                                _mul.done       QSET    -1
                                                SLL     %reg%,  1
                                                MOVR    %reg%,  %tmp%
                                                SLL     %reg%,  2
                                                ADDR    %reg%,  %tmp%
                                                SLL     %reg%,  2
                                                ADDR    %reg%,  %tmp%
                                                SLL     %reg%,  1
                                                ADDR    %tmp%,  %reg%
                                        ENDI

                                        ; Multiply by $6B (107)
                                        IF (_mul.const = $6B)
                                _mul.done       QSET    -1
                                                MOVR    %reg%,  %tmp%
                                                SLL     %reg%,  1
                                                ADDR    %reg%,  %tmp%
                                                SLL     %reg%,  2
                                                ADDR    %reg%,  %tmp%
                                                SLL     %reg%,  2
                                                ADDR    %reg%,  %tmp%
                                                SLL     %reg%,  1
                                                ADDR    %tmp%,  %reg%
                                        ENDI

                                        ; Multiply by $6C (108)
                                        IF (_mul.const = $6C)
                                _mul.done       QSET    -1
                                                SLL     %reg%,  2
                                                MOVR    %reg%,  %tmp%
                                                SLL     %reg%,  1
                                                ADDR    %reg%,  %tmp%
                                                SLL     %reg%,  2
                                                ADDR    %reg%,  %tmp%
                                                SLL     %reg%,  1
                                                ADDR    %tmp%,  %reg%
                                        ENDI

                                        ; Multiply by $6D (109)
                                        IF (_mul.const = $6D)
                                _mul.done       QSET    -1
                                                MOVR    %reg%,  %tmp%
                                                SLL     %reg%,  2
                                                ADDR    %reg%,  %tmp%
                                                SLL     %reg%,  1
                                                ADDR    %reg%,  %tmp%
                                                SLL     %reg%,  2
                                                ADDR    %reg%,  %tmp%
                                                SLL     %reg%,  1
                                                ADDR    %tmp%,  %reg%
                                        ENDI

                                        ; Multiply by $6E (110)
                                        IF (_mul.const = $6E)
                                _mul.done       QSET    -1
                                                SLL     %reg%,  1
                                                MOVR    %reg%,  %tmp%
                                                SLL     %reg%,  2
                                                SLL     %reg%,  1
                                                ADDR    %reg%,  %tmp%
                                                SLL     %reg%,  2
                                                SLL     %reg%,  1
                                		SUBR	%tmp%,	%reg%
                                        ENDI

                                        ; Multiply by $6F (111)
                                        IF (_mul.const = $6F)
                                _mul.done       QSET    -1
                                                MOVR    %reg%,  %tmp%
                                                SLL     %reg%,  2
                                                SLL     %reg%,  2
                                                ADDR    %reg%,  %tmp%
                                                SLL     %reg%,  2
                                                SLL     %reg%,  1
                                		SUBR	%tmp%,	%reg%
                                        ENDI

                                        ; Multiply by $70 (112)
                                        IF (_mul.const = $70)
                                _mul.done       QSET    -1
                                                SLL     %reg%,  2
                                                SLL     %reg%,  2
                                                MOVR    %reg%,  %tmp%
                                                SLL     %reg%,  2
                                                SLL     %reg%,  1
                                                SUBR    %tmp%,  %reg%
                                        ENDI

                                        ; Multiply by $71 (113)
                                        IF (_mul.const = $71)
                                _mul.done       QSET    -1
                                                MOVR    %reg%,  %tmp%
                                                SLL     %reg%,  2
                                                SLL     %reg%,  2
                                                SUBR    %reg%,  %tmp%
                                                SLL     %reg%,  2
                                                SLL     %reg%,  1
                                                ADDR    %tmp%,  %reg%
                                        ENDI

                                        ; Multiply by $72 (114)
                                        IF (_mul.const = $72)
                                _mul.done       QSET    -1
                                                SLL     %reg%,  1
                                                MOVR    %reg%,  %tmp%
                                                SLL     %reg%,  2
                                                SLL     %reg%,  1
                                                SUBR    %reg%,  %tmp%
                                                SLL     %reg%,  2
                                                SLL     %reg%,  1
                                                ADDR    %tmp%,  %reg%
                                        ENDI

                                        ; Multiply by $73 (115)
                                        IF (_mul.const = $73)
                                _mul.done       QSET    -1
                                                MOVR    %reg%,  %tmp%
                                                SLL     %reg%,  1
                                                ADDR    %reg%,  %tmp%
                                                SLL     %reg%,  2
                                                SLL     %reg%,  1
                                                SUBR    %reg%,  %tmp%
                                                SLL     %reg%,  2
                                                SLL     %reg%,  1
                                                ADDR    %tmp%,  %reg%
                                        ENDI

                                        ; Multiply by $74 (116)
                                        IF (_mul.const = $74)
                                _mul.done       QSET    -1
                                                SLL     %reg%,  2
                                                MOVR    %reg%,  %tmp%
                                                SLL     %reg%,  2
                                                SUBR    %reg%,  %tmp%
                                                SLL     %reg%,  2
                                                SLL     %reg%,  1
                                                ADDR    %tmp%,  %reg%
                                        ENDI

                                        ; Multiply by $75 (117)
                                        IF (_mul.const = $75)
                                _mul.done       QSET    -1
                                                MOVR    %reg%,  %tmp%
                                                SLL     %reg%,  2
                                                ADDR    %reg%,  %tmp%
                                                SLL     %reg%,  2
                                                SUBR    %reg%,  %tmp%
                                                SLL     %reg%,  2
                                                SLL     %reg%,  1
                                                ADDR    %tmp%,  %reg%
                                        ENDI

                                        ; Multiply by $76 (118)
                                        IF (_mul.const = $76)
                                _mul.done       QSET    -1
                                                SLL     %reg%,  1
                                                MOVR    %reg%,  %tmp%
                                                SLL     %reg%,  1
                                                ADDR    %reg%,  %tmp%
                                                SLL     %reg%,  2
                                                SUBR    %reg%,  %tmp%
                                                SLL     %reg%,  2
                                                SLL     %reg%,  1
                                                ADDR    %tmp%,  %reg%
                                        ENDI

                                        ; Multiply by $77 (119)
                                        IF (_mul.const = $77)
                                _mul.done       QSET    -1
                                                MOVR    %reg%,  %tmp%
                                                SLL     %reg%,  2
                                                SLL     %reg%,  1
                                                ADDR    %reg%,  %tmp%
                                                SLL     %reg%,  2
                                                SLL     %reg%,  2
                                                SUBR    %tmp%,  %reg%
                                        ENDI

                                        ; Multiply by $78 (120)
                                        IF (_mul.const = $78)
                                _mul.done       QSET    -1
                                                SLL     %reg%,  2
                                                SLL     %reg%,  1
                                                MOVR    %reg%,  %tmp%
                                                SLL     %reg%,  2
                                                SLL     %reg%,  2
                                                SUBR    %tmp%,  %reg%
                                        ENDI

                                        ; Multiply by $79 (121)
                                        IF (_mul.const = $79)
                                _mul.done       QSET    -1
                                                MOVR    %reg%,  %tmp%
                                                SLL     %reg%,  2
                                                SLL     %reg%,  1
                                                SUBR    %reg%,  %tmp%
                                                SLL     %reg%,  2
                                                SLL     %reg%,  2
                                                ADDR    %tmp%,  %reg%
                                        ENDI

                                        ; Multiply by $7A (122)
                                        IF (_mul.const = $7A)
                                _mul.done       QSET    -1
                                                SLL     %reg%,  1
                                                MOVR    %reg%,  %tmp%
                                                SLL     %reg%,  2
                                                SUBR    %reg%,  %tmp%
                                                SLL     %reg%,  2
                                                SLL     %reg%,  2
                                                ADDR    %tmp%,  %reg%
                                        ENDI

                                        ; Multiply by $7B (123)
                                        IF (_mul.const = $7B)
                                _mul.done       QSET    -1
                                                MOVR    %reg%,  %tmp%
                                                SLL     %reg%,  1
                                                ADDR    %reg%,  %tmp%
                                                SLL     %reg%,  2
                                                SUBR    %reg%,  %tmp%
                                                SLL     %reg%,  2
                                                SLL     %reg%,  2
                                                ADDR    %tmp%,  %reg%
                                        ENDI

                                        ; Multiply by $7C (124)
                                        IF (_mul.const = $7C)
                                _mul.done       QSET    -1
                                                SLL     %reg%,  2
                                                MOVR    %reg%,  %tmp%
                                                SLL     %reg%,  2
                                                SLL     %reg%,  2
                                		ADDR	%reg%,	%reg%
                                                SUBR    %tmp%,  %reg%
                                        ENDI

                                        ; Multiply by $7D (125)
                                        IF (_mul.const = $7D)
                                _mul.done       QSET    -1
                                                MOVR    %reg%,  %tmp%
                                                SLL     %reg%,  2
                                                SUBR    %reg%,  %tmp%
                                                SLL     %reg%,  2
                                                SLL     %reg%,  2
                                		ADDR	%reg%,	%reg%
                                                ADDR    %tmp%,  %reg%
                                        ENDI

                                        ; Multiply by $7E (126)
                                        IF (_mul.const = $7E)
                                _mul.done       QSET    -1
                                                SLL     %reg%,  1
                                                MOVR    %reg%,  %tmp%
                                                SLL     %reg%,  2
                                                SLL     %reg%,  2
                                                SLL     %reg%,  2
                                                SUBR    %tmp%,  %reg%
                                        ENDI

                                        ; Multiply by $7F (127)
                                        IF (_mul.const = $7F)
                                _mul.done       QSET    -1
                                                MOVR    %reg%,  %tmp%
                                                SLL     %reg%,  2
                                                SLL     %reg%,  2
                                                SLL     %reg%,  2
                                                SLL     %reg%,  1
                                                SUBR    %tmp%,  %reg%
                                        ENDI

                                        IF  (_mul.done = 0)
                                            ERR $("Invalid multiplication constant \'%const%\', must be between 0 and ", $#($7F), ".")
                                        ENDI

                                    LISTING "prev"
                                ENDM

                                ;; ======================================================================== ;;
                                ;;  EOF: pm:mac:lang:mult                                                   ;;
                                ;; ======================================================================== ;;

                                	; IntyBASIC compiler v1.5.1 May/10/2025
                                	;FILE sp0256_capture.bas
                                	;[1] ' SP0256-AL2 Allophone Capture for IntelliVoice Builder
                                	SRCFILE "sp0256_capture.bas",1
                                	;[2] ' Plays 61 allophones sequentially (one per VOICE PLAY WAIT call).
                                	SRCFILE "sp0256_capture.bas",2
                                	;[3] ' Run with: jzintv -v1 --voicefiles=/tmp/ivc_ <rom> --rompath=~/jzintv/bin
                                	SRCFILE "sp0256_capture.bas",3
                                	;[4] ' Creates /tmp/ivc_0000.wav through /tmp/ivc_0060.wav (one per allophone).
                                	SRCFILE "sp0256_capture.bas",4
                                	;[5] '
                                	SRCFILE "sp0256_capture.bas",5
                                	;[6] ' Capture order matches ALLOPHONES array in allophonesDict.js:
                                	SRCFILE "sp0256_capture.bas",6
                                	;[7] '  0=PA1  1=PA2  2=PA3  3=PA4  4=PA5
                                	SRCFILE "sp0256_capture.bas",7
                                	;[8] '  5=OY   6=AY   7=EH   8=IH   9=AX  10=IY  11=EY  12=UW1 13=AO  14=AA
                                	SRCFILE "sp0256_capture.bas",8
                                	;[9] ' 15=YY2 16=AE1 17=UH  18=UW2 19=AW  20=OW
                                	SRCFILE "sp0256_capture.bas",9
                                	;[10] ' 21=KK3 22=PP  23=JH  24=NN1 25=TT2 26=RR1 27=MM  28=TT1 29=DH1 30=DD1
                                	SRCFILE "sp0256_capture.bas",10
                                	;[11] ' 31=HH1 32=BB1 33=TH  34=DD2 35=GG3 36=VV  37=GG1 38=ZZ  39=KK2 40=KK1
                                	SRCFILE "sp0256_capture.bas",11
                                	;[12] ' 41=NG1 42=FF  43=ZH  44=WH  45=WW  46=LL  47=YY1 48=CH  49=DH2 50=SS
                                	SRCFILE "sp0256_capture.bas",12
                                	;[13] ' 51=NN2 52=HH2 53=GG2 54=BB2
                                	SRCFILE "sp0256_capture.bas",13
                                	;[14] ' 55=ER1 56=ER2 57=OR2 58=AR  59=YR  60=EL
                                	SRCFILE "sp0256_capture.bas",14
                                	;[15] 
                                	SRCFILE "sp0256_capture.bas",15
                                	;[16]     VOICE INIT
                                	SRCFILE "sp0256_capture.bas",16
50C5   0004 0158 0220           	CALL IV_HUSH
                                	;[17]     ' -- Pauses --
                                	SRCFILE "sp0256_capture.bas",17
                                	;[18]     VOICE PLAY WAIT a00
                                	SRCFILE "sp0256_capture.bas",18
50C8   02B8 51FB                	MVII #label_A00,R0
50CA   0004 0158 0212           	CALL IV_PLAYW.1
                                	;[19]     VOICE PLAY WAIT a01
                                	SRCFILE "sp0256_capture.bas",19
50CD   02B8 51FD                	MVII #label_A01,R0
50CF   0004 0158 0212           	CALL IV_PLAYW.1
                                	;[20]     VOICE PLAY WAIT a02
                                	SRCFILE "sp0256_capture.bas",20
50D2   02B8 51FF                	MVII #label_A02,R0
50D4   0004 0158 0212           	CALL IV_PLAYW.1
                                	;[21]     VOICE PLAY WAIT a03
                                	SRCFILE "sp0256_capture.bas",21
50D7   02B8 5201                	MVII #label_A03,R0
50D9   0004 0158 0212           	CALL IV_PLAYW.1
                                	;[22]     VOICE PLAY WAIT a04
                                	SRCFILE "sp0256_capture.bas",22
50DC   02B8 5203                	MVII #label_A04,R0
50DE   0004 0158 0212           	CALL IV_PLAYW.1
                                	;[23]     ' -- Vowels --
                                	SRCFILE "sp0256_capture.bas",23
                                	;[24]     VOICE PLAY WAIT a05
                                	SRCFILE "sp0256_capture.bas",24
50E1   02B8 5205                	MVII #label_A05,R0
50E3   0004 0158 0212           	CALL IV_PLAYW.1
                                	;[25]     VOICE PLAY WAIT a06
                                	SRCFILE "sp0256_capture.bas",25
50E6   02B8 5207                	MVII #label_A06,R0
50E8   0004 0158 0212           	CALL IV_PLAYW.1
                                	;[26]     VOICE PLAY WAIT a07
                                	SRCFILE "sp0256_capture.bas",26
50EB   02B8 5209                	MVII #label_A07,R0
50ED   0004 0158 0212           	CALL IV_PLAYW.1
                                	;[27]     VOICE PLAY WAIT a08
                                	SRCFILE "sp0256_capture.bas",27
50F0   02B8 520B                	MVII #label_A08,R0
50F2   0004 0158 0212           	CALL IV_PLAYW.1
                                	;[28]     VOICE PLAY WAIT a09
                                	SRCFILE "sp0256_capture.bas",28
50F5   02B8 520D                	MVII #label_A09,R0
50F7   0004 0158 0212           	CALL IV_PLAYW.1
                                	;[29]     VOICE PLAY WAIT a10
                                	SRCFILE "sp0256_capture.bas",29
50FA   02B8 520F                	MVII #label_A10,R0
50FC   0004 0158 0212           	CALL IV_PLAYW.1
                                	;[30]     VOICE PLAY WAIT a11
                                	SRCFILE "sp0256_capture.bas",30
50FF   02B8 5211                	MVII #label_A11,R0
5101   0004 0158 0212           	CALL IV_PLAYW.1
                                	;[31]     VOICE PLAY WAIT a12
                                	SRCFILE "sp0256_capture.bas",31
5104   02B8 5213                	MVII #label_A12,R0
5106   0004 0158 0212           	CALL IV_PLAYW.1
                                	;[32]     VOICE PLAY WAIT a13
                                	SRCFILE "sp0256_capture.bas",32
5109   02B8 5215                	MVII #label_A13,R0
510B   0004 0158 0212           	CALL IV_PLAYW.1
                                	;[33]     VOICE PLAY WAIT a14
                                	SRCFILE "sp0256_capture.bas",33
510E   02B8 5217                	MVII #label_A14,R0
5110   0004 0158 0212           	CALL IV_PLAYW.1
                                	;[34]     VOICE PLAY WAIT a15
                                	SRCFILE "sp0256_capture.bas",34
5113   02B8 5219                	MVII #label_A15,R0
5115   0004 0158 0212           	CALL IV_PLAYW.1
                                	;[35]     VOICE PLAY WAIT a16
                                	SRCFILE "sp0256_capture.bas",35
5118   02B8 521B                	MVII #label_A16,R0
511A   0004 0158 0212           	CALL IV_PLAYW.1
                                	;[36]     VOICE PLAY WAIT a17
                                	SRCFILE "sp0256_capture.bas",36
511D   02B8 521D                	MVII #label_A17,R0
511F   0004 0158 0212           	CALL IV_PLAYW.1
                                	;[37]     VOICE PLAY WAIT a18
                                	SRCFILE "sp0256_capture.bas",37
5122   02B8 521F                	MVII #label_A18,R0
5124   0004 0158 0212           	CALL IV_PLAYW.1
                                	;[38]     VOICE PLAY WAIT a19
                                	SRCFILE "sp0256_capture.bas",38
5127   02B8 5221                	MVII #label_A19,R0
5129   0004 0158 0212           	CALL IV_PLAYW.1
                                	;[39]     VOICE PLAY WAIT a20
                                	SRCFILE "sp0256_capture.bas",39
512C   02B8 5223                	MVII #label_A20,R0
512E   0004 0158 0212           	CALL IV_PLAYW.1
                                	;[40]     ' -- Consonants --
                                	SRCFILE "sp0256_capture.bas",40
                                	;[41]     VOICE PLAY WAIT a21
                                	SRCFILE "sp0256_capture.bas",41
5131   02B8 5225                	MVII #label_A21,R0
5133   0004 0158 0212           	CALL IV_PLAYW.1
                                	;[42]     VOICE PLAY WAIT a22
                                	SRCFILE "sp0256_capture.bas",42
5136   02B8 5227                	MVII #label_A22,R0
5138   0004 0158 0212           	CALL IV_PLAYW.1
                                	;[43]     VOICE PLAY WAIT a23
                                	SRCFILE "sp0256_capture.bas",43
513B   02B8 5229                	MVII #label_A23,R0
513D   0004 0158 0212           	CALL IV_PLAYW.1
                                	;[44]     VOICE PLAY WAIT a24
                                	SRCFILE "sp0256_capture.bas",44
5140   02B8 522B                	MVII #label_A24,R0
5142   0004 0158 0212           	CALL IV_PLAYW.1
                                	;[45]     VOICE PLAY WAIT a25
                                	SRCFILE "sp0256_capture.bas",45
5145   02B8 522D                	MVII #label_A25,R0
5147   0004 0158 0212           	CALL IV_PLAYW.1
                                	;[46]     VOICE PLAY WAIT a26
                                	SRCFILE "sp0256_capture.bas",46
514A   02B8 522F                	MVII #label_A26,R0
514C   0004 0158 0212           	CALL IV_PLAYW.1
                                	;[47]     VOICE PLAY WAIT a27
                                	SRCFILE "sp0256_capture.bas",47
514F   02B8 5231                	MVII #label_A27,R0
5151   0004 0158 0212           	CALL IV_PLAYW.1
                                	;[48]     VOICE PLAY WAIT a28
                                	SRCFILE "sp0256_capture.bas",48
5154   02B8 5233                	MVII #label_A28,R0
5156   0004 0158 0212           	CALL IV_PLAYW.1
                                	;[49]     VOICE PLAY WAIT a29
                                	SRCFILE "sp0256_capture.bas",49
5159   02B8 5235                	MVII #label_A29,R0
515B   0004 0158 0212           	CALL IV_PLAYW.1
                                	;[50]     VOICE PLAY WAIT a30
                                	SRCFILE "sp0256_capture.bas",50
515E   02B8 5237                	MVII #label_A30,R0
5160   0004 0158 0212           	CALL IV_PLAYW.1
                                	;[51]     VOICE PLAY WAIT a31
                                	SRCFILE "sp0256_capture.bas",51
5163   02B8 5239                	MVII #label_A31,R0
5165   0004 0158 0212           	CALL IV_PLAYW.1
                                	;[52]     VOICE PLAY WAIT a32
                                	SRCFILE "sp0256_capture.bas",52
5168   02B8 523B                	MVII #label_A32,R0
516A   0004 0158 0212           	CALL IV_PLAYW.1
                                	;[53]     VOICE PLAY WAIT a33
                                	SRCFILE "sp0256_capture.bas",53
516D   02B8 523D                	MVII #label_A33,R0
516F   0004 0158 0212           	CALL IV_PLAYW.1
                                	;[54]     VOICE PLAY WAIT a34
                                	SRCFILE "sp0256_capture.bas",54
5172   02B8 523F                	MVII #label_A34,R0
5174   0004 0158 0212           	CALL IV_PLAYW.1
                                	;[55]     VOICE PLAY WAIT a35
                                	SRCFILE "sp0256_capture.bas",55
5177   02B8 5241                	MVII #label_A35,R0
5179   0004 0158 0212           	CALL IV_PLAYW.1
                                	;[56]     VOICE PLAY WAIT a36
                                	SRCFILE "sp0256_capture.bas",56
517C   02B8 5243                	MVII #label_A36,R0
517E   0004 0158 0212           	CALL IV_PLAYW.1
                                	;[57]     VOICE PLAY WAIT a37
                                	SRCFILE "sp0256_capture.bas",57
5181   02B8 5245                	MVII #label_A37,R0
5183   0004 0158 0212           	CALL IV_PLAYW.1
                                	;[58]     VOICE PLAY WAIT a38
                                	SRCFILE "sp0256_capture.bas",58
5186   02B8 5247                	MVII #label_A38,R0
5188   0004 0158 0212           	CALL IV_PLAYW.1
                                	;[59]     VOICE PLAY WAIT a39
                                	SRCFILE "sp0256_capture.bas",59
518B   02B8 5249                	MVII #label_A39,R0
518D   0004 0158 0212           	CALL IV_PLAYW.1
                                	;[60]     VOICE PLAY WAIT a40
                                	SRCFILE "sp0256_capture.bas",60
5190   02B8 524B                	MVII #label_A40,R0
5192   0004 0158 0212           	CALL IV_PLAYW.1
                                	;[61]     VOICE PLAY WAIT a41
                                	SRCFILE "sp0256_capture.bas",61
5195   02B8 524D                	MVII #label_A41,R0
5197   0004 0158 0212           	CALL IV_PLAYW.1
                                	;[62]     VOICE PLAY WAIT a42
                                	SRCFILE "sp0256_capture.bas",62
519A   02B8 524F                	MVII #label_A42,R0
519C   0004 0158 0212           	CALL IV_PLAYW.1
                                	;[63]     VOICE PLAY WAIT a43
                                	SRCFILE "sp0256_capture.bas",63
519F   02B8 5251                	MVII #label_A43,R0
51A1   0004 0158 0212           	CALL IV_PLAYW.1
                                	;[64]     VOICE PLAY WAIT a44
                                	SRCFILE "sp0256_capture.bas",64
51A4   02B8 5253                	MVII #label_A44,R0
51A6   0004 0158 0212           	CALL IV_PLAYW.1
                                	;[65]     VOICE PLAY WAIT a45
                                	SRCFILE "sp0256_capture.bas",65
51A9   02B8 5255                	MVII #label_A45,R0
51AB   0004 0158 0212           	CALL IV_PLAYW.1
                                	;[66]     VOICE PLAY WAIT a46
                                	SRCFILE "sp0256_capture.bas",66
51AE   02B8 5257                	MVII #label_A46,R0
51B0   0004 0158 0212           	CALL IV_PLAYW.1
                                	;[67]     VOICE PLAY WAIT a47
                                	SRCFILE "sp0256_capture.bas",67
51B3   02B8 5259                	MVII #label_A47,R0
51B5   0004 0158 0212           	CALL IV_PLAYW.1
                                	;[68]     VOICE PLAY WAIT a48
                                	SRCFILE "sp0256_capture.bas",68
51B8   02B8 525B                	MVII #label_A48,R0
51BA   0004 0158 0212           	CALL IV_PLAYW.1
                                	;[69]     VOICE PLAY WAIT a49
                                	SRCFILE "sp0256_capture.bas",69
51BD   02B8 525D                	MVII #label_A49,R0
51BF   0004 0158 0212           	CALL IV_PLAYW.1
                                	;[70]     VOICE PLAY WAIT a50
                                	SRCFILE "sp0256_capture.bas",70
51C2   02B8 525F                	MVII #label_A50,R0
51C4   0004 0158 0212           	CALL IV_PLAYW.1
                                	;[71]     VOICE PLAY WAIT a51
                                	SRCFILE "sp0256_capture.bas",71
51C7   02B8 5261                	MVII #label_A51,R0
51C9   0004 0158 0212           	CALL IV_PLAYW.1
                                	;[72]     VOICE PLAY WAIT a52
                                	SRCFILE "sp0256_capture.bas",72
51CC   02B8 5263                	MVII #label_A52,R0
51CE   0004 0158 0212           	CALL IV_PLAYW.1
                                	;[73]     VOICE PLAY WAIT a53
                                	SRCFILE "sp0256_capture.bas",73
51D1   02B8 5265                	MVII #label_A53,R0
51D3   0004 0158 0212           	CALL IV_PLAYW.1
                                	;[74]     VOICE PLAY WAIT a54
                                	SRCFILE "sp0256_capture.bas",74
51D6   02B8 5267                	MVII #label_A54,R0
51D8   0004 0158 0212           	CALL IV_PLAYW.1
                                	;[75]     ' -- Special --
                                	SRCFILE "sp0256_capture.bas",75
                                	;[76]     VOICE PLAY WAIT a55
                                	SRCFILE "sp0256_capture.bas",76
51DB   02B8 5269                	MVII #label_A55,R0
51DD   0004 0158 0212           	CALL IV_PLAYW.1
                                	;[77]     VOICE PLAY WAIT a56
                                	SRCFILE "sp0256_capture.bas",77
51E0   02B8 526B                	MVII #label_A56,R0
51E2   0004 0158 0212           	CALL IV_PLAYW.1
                                	;[78]     VOICE PLAY WAIT a57
                                	SRCFILE "sp0256_capture.bas",78
51E5   02B8 526D                	MVII #label_A57,R0
51E7   0004 0158 0212           	CALL IV_PLAYW.1
                                	;[79]     VOICE PLAY WAIT a58
                                	SRCFILE "sp0256_capture.bas",79
51EA   02B8 526F                	MVII #label_A58,R0
51EC   0004 0158 0212           	CALL IV_PLAYW.1
                                	;[80]     VOICE PLAY WAIT a59
                                	SRCFILE "sp0256_capture.bas",80
51EF   02B8 5271                	MVII #label_A59,R0
51F1   0004 0158 0212           	CALL IV_PLAYW.1
                                	;[81]     VOICE PLAY WAIT a60
                                	SRCFILE "sp0256_capture.bas",81
51F4   02B8 5273                	MVII #label_A60,R0
51F6   0004 0158 0212           	CALL IV_PLAYW.1
                                	;[82] done:   GOTO done
                                	SRCFILE "sp0256_capture.bas",82
                                	; DONE
51F9   0220 0001                label_DONE:		B label_DONE
                                	;[83] 
                                	SRCFILE "sp0256_capture.bas",83
                                	;[84] ' ---- Pause allophones ----
                                	SRCFILE "sp0256_capture.bas",84
                                	;[85] a00:    VOICE PA1,0   ' index 0  code PA1  ~10ms
                                	SRCFILE "sp0256_capture.bas",85
                                	; A00
51FB   0005                     label_A00:		DECLE 5
51FC   0000                     	DECLE 0
                                	;[86] a01:    VOICE PA2,0   ' index 1  code PA2  ~30ms
                                	SRCFILE "sp0256_capture.bas",86
                                	; A01
51FD   0004                     label_A01:		DECLE 4
51FE   0000                     	DECLE 0
                                	;[87] a02:    VOICE PA3,0   ' index 2  code PA3  ~50ms
                                	SRCFILE "sp0256_capture.bas",87
                                	; A02
51FF   0003                     label_A02:		DECLE 3
5200   0000                     	DECLE 0
                                	;[88] a03:    VOICE PA4,0   ' index 3  code PA4  ~100ms
                                	SRCFILE "sp0256_capture.bas",88
                                	; A03
5201   0002                     label_A03:		DECLE 2
5202   0000                     	DECLE 0
                                	;[89] a04:    VOICE PA5,0   ' index 4  code PA5  ~200ms
                                	SRCFILE "sp0256_capture.bas",89
                                	; A04
5203   0001                     label_A04:		DECLE 1
5204   0000                     	DECLE 0
                                	;[90] ' ---- Vowels ----
                                	SRCFILE "sp0256_capture.bas",90
                                	;[91] a05:    VOICE OY,0    ' index 5  code OY   bOY
                                	SRCFILE "sp0256_capture.bas",91
                                	; A05
5205   5747                     label_A05:		DECLE _OY
5206   0000                     	DECLE 0
                                	;[92] a06:    VOICE AY,0    ' index 6  code AY   skY
                                	SRCFILE "sp0256_capture.bas",92
                                	; A06
5207   5435                     label_A06:		DECLE _AY
5208   0000                     	DECLE 0
                                	;[93] a07:    VOICE EH,0    ' index 7  code EH   End
                                	SRCFILE "sp0256_capture.bas",93
                                	; A07
5209   54D6                     label_A07:		DECLE _EH
520A   0000                     	DECLE 0
                                	;[94] a08:    VOICE IH,0    ' index 12 code IH   sIt
                                	SRCFILE "sp0256_capture.bas",94
                                	; A08
520B   560A                     label_A08:		DECLE _IH
520C   0000                     	DECLE 0
                                	;[95] a09:    VOICE AX,0    ' index 15 code AX   succEss (schwa)
                                	SRCFILE "sp0256_capture.bas",95
                                	; A09
520D   5429                     label_A09:		DECLE _AX
520E   0000                     	DECLE 0
                                	;[96] a10:    VOICE IY,0    ' index 19 code IY   sEE
                                	SRCFILE "sp0256_capture.bas",96
                                	; A10
520F   5616                     label_A10:		DECLE _IY
5210   0000                     	DECLE 0
                                	;[97] a11:    VOICE EY,0    ' index 20 code EY   dAY
                                	SRCFILE "sp0256_capture.bas",97
                                	; A11
5211   5587                     label_A11:		DECLE _EY
5212   0000                     	DECLE 0
                                	;[98] a12:    VOICE UW1,0   ' index 22 code UW1  tO (short oo)
                                	SRCFILE "sp0256_capture.bas",98
                                	; A12
5213   5819                     label_A12:		DECLE _UW1
5214   0000                     	DECLE 0
                                	;[99] a13:    VOICE AO,0    ' index 23 code AO   hOt
                                	SRCFILE "sp0256_capture.bas",99
                                	; A13
5215   53C1                     label_A13:		DECLE _AO
5216   0000                     	DECLE 0
                                	;[100] a14:    VOICE AA,0    ' index 24 code AA   fAther
                                	SRCFILE "sp0256_capture.bas",100
                                	; A14
5217   53A4                     label_A14:		DECLE _AA
5218   0000                     	DECLE 0
                                	;[101] a15:    VOICE YY2,0   ' index 25 code YY2  Year
                                	SRCFILE "sp0256_capture.bas",101
                                	; A15
5219   5906                     label_A15:		DECLE _YY2
521A   0000                     	DECLE 0
                                	;[102] a16:    VOICE AE1,0   ' index 26 code AE   cAt  (IntyBASIC name: AE1)
                                	SRCFILE "sp0256_capture.bas",102
                                	; A16
521B   53B5                     label_A16:		DECLE _AE1
521C   0000                     	DECLE 0
                                	;[103] a17:    VOICE UH,0    ' index 30 code UH   bOOk
                                	SRCFILE "sp0256_capture.bas",103
                                	; A17
521D   580D                     label_A17:		DECLE _UH
521E   0000                     	DECLE 0
                                	;[104] a18:    VOICE UW2,0   ' index 31 code UW2  fOOd (long oo)
                                	SRCFILE "sp0256_capture.bas",104
                                	; A18
521F   582A                     label_A18:		DECLE _UW2
5220   0000                     	DECLE 0
                                	;[105] a19:    VOICE AW,0    ' index 32 code AW   OUt
                                	SRCFILE "sp0256_capture.bas",105
                                	; A19
5221   5413                     label_A19:		DECLE _AW
5222   0000                     	DECLE 0
                                	;[106] a20:    VOICE OW,0    ' index 50 code OW   gO
                                	SRCFILE "sp0256_capture.bas",106
                                	; A20
5223   5731                     label_A20:		DECLE _OW
5224   0000                     	DECLE 0
                                	;[107] ' ---- Consonants ----
                                	SRCFILE "sp0256_capture.bas",107
                                	;[108] a21:    VOICE KK3,0   ' index 8  code KK3  COmb (hard k)
                                	SRCFILE "sp0256_capture.bas",108
                                	; A21
5225   5680                     label_A21:		DECLE _KK3
5226   0000                     	DECLE 0
                                	;[109] a22:    VOICE PP,0    ' index 9  code PP   Pow
                                	SRCFILE "sp0256_capture.bas",109
                                	; A22
5227   577A                     label_A22:		DECLE _PP
5228   0000                     	DECLE 0
                                	;[110] a23:    VOICE JH,0    ' index 10 code JH   doDGE
                                	SRCFILE "sp0256_capture.bas",110
                                	; A23
5229   5647                     label_A23:		DECLE _JH
522A   0000                     	DECLE 0
                                	;[111] a24:    VOICE NN1,0   ' index 11 code NN1  thiN (final n)
                                	SRCFILE "sp0256_capture.bas",111
                                	; A24
522B   56CC                     label_A24:		DECLE _NN1
522C   0000                     	DECLE 0
                                	;[112] a25:    VOICE TT2,0   ' index 13 code TT2  Top (aspirated t)
                                	SRCFILE "sp0256_capture.bas",112
                                	; A25
522D   57F9                     label_A25:		DECLE _TT2
522E   0000                     	DECLE 0
                                	;[113] a26:    VOICE RR1,0   ' index 14 code RR1  Rural
                                	SRCFILE "sp0256_capture.bas",113
                                	; A26
522F   578A                     label_A26:		DECLE _RR1
5230   0000                     	DECLE 0
                                	;[114] a27:    VOICE MM,0    ' index 16 code MM   Milk
                                	SRCFILE "sp0256_capture.bas",114
                                	; A27
5231   56A7                     label_A27:		DECLE _MM
5232   0000                     	DECLE 0
                                	;[115] a28:    VOICE TT1,0   ' index 17 code TT1  parT (final t)
                                	SRCFILE "sp0256_capture.bas",115
                                	; A28
5233   57E9                     label_A28:		DECLE _TT1
5234   0000                     	DECLE 0
                                	;[116] a29:    VOICE DH1,0   ' index 18 code DH1  THey (voiced th)
                                	SRCFILE "sp0256_capture.bas",116
                                	; A29
5235   54AE                     label_A29:		DECLE _DH1
5236   0000                     	DECLE 0
                                	;[117] a30:    VOICE DD1,0   ' index 21 code DD1  coulD
                                	SRCFILE "sp0256_capture.bas",117
                                	; A30
5237   548E                     label_A30:		DECLE _DD1
5238   0000                     	DECLE 0
                                	;[118] a31:    VOICE HH1,0   ' index 27 code HH1  He
                                	SRCFILE "sp0256_capture.bas",118
                                	; A31
5239   55E3                     label_A31:		DECLE _HH1
523A   0000                     	DECLE 0
                                	;[119] a32:    VOICE BB1,0   ' index 28 code BB1  Business
                                	SRCFILE "sp0256_capture.bas",119
                                	; A32
523B   5458                     label_A32:		DECLE _BB1
523C   0000                     	DECLE 0
                                	;[120] a33:    VOICE TH,0    ' index 29 code TH   THin (unvoiced th)
                                	SRCFILE "sp0256_capture.bas",120
                                	; A33
523D   57E0                     label_A33:		DECLE _TH
523E   0000                     	DECLE 0
                                	;[121] a34:    VOICE DD2,0   ' index 33 code DD2  Do (initial d)
                                	SRCFILE "sp0256_capture.bas",121
                                	; A34
523F   549C                     label_A34:		DECLE _DD2
5240   0000                     	DECLE 0
                                	;[122] a35:    VOICE GG3,0   ' index 34 code GG3  wiG (final g)
                                	SRCFILE "sp0256_capture.bas",122
                                	; A35
5241   55D1                     label_A35:		DECLE _GG3
5242   0000                     	DECLE 0
                                	;[123] a36:    VOICE VV,0    ' index 35 code VV   Very
                                	SRCFILE "sp0256_capture.bas",123
                                	; A36
5243   5844                     label_A36:		DECLE _VV
5244   0000                     	DECLE 0
                                	;[124] a37:    VOICE GG1,0   ' index 36 code GG1  Got (initial g)
                                	SRCFILE "sp0256_capture.bas",124
                                	; A37
5245   55AD                     label_A37:		DECLE _GG1
5246   0000                     	DECLE 0
                                	;[125] a38:    VOICE ZZ,0    ' index 37 code ZZ   Zoo
                                	SRCFILE "sp0256_capture.bas",125
                                	; A38
5247   5943                     label_A38:		DECLE _ZZ
5248   0000                     	DECLE 0
                                	;[126] a39:    VOICE KK2,0   ' index 38 code KK2  Can't
                                	SRCFILE "sp0256_capture.bas",126
                                	; A39
5249   5671                     label_A39:		DECLE _KK2
524A   0000                     	DECLE 0
                                	;[127] a40:    VOICE KK1,0   ' index 39 code KK1  CooL
                                	SRCFILE "sp0256_capture.bas",127
                                	; A40
524B   5661                     label_A40:		DECLE _KK1
524C   0000                     	DECLE 0
                                	;[128] a41:    VOICE NG1,0   ' index 40 code NG   thiNG  (IntyBASIC name: NG1)
                                	SRCFILE "sp0256_capture.bas",128
                                	; A41
524D   56B8                     label_A41:		DECLE _NG1
524E   0000                     	DECLE 0
                                	;[129] a42:    VOICE FF,0    ' index 41 code FF   Food
                                	SRCFILE "sp0256_capture.bas",129
                                	; A42
524F   55A4                     label_A42:		DECLE _FF
5250   0000                     	DECLE 0
                                	;[130] a43:    VOICE ZH,0    ' index 42 code ZH   aZure
                                	SRCFILE "sp0256_capture.bas",130
                                	; A43
5251   5932                     label_A43:		DECLE _ZH
5252   0000                     	DECLE 0
                                	;[131] a44:    VOICE WH,0    ' index 43 code WH   WHig
                                	SRCFILE "sp0256_capture.bas",131
                                	; A44
5253   5861                     label_A44:		DECLE _WH
5254   0000                     	DECLE 0
                                	;[132] a45:    VOICE WW,0    ' index 44 code WW   Wool
                                	SRCFILE "sp0256_capture.bas",132
                                	; A45
5255   5881                     label_A45:		DECLE _WW
5256   0000                     	DECLE 0
                                	;[133] a46:    VOICE LL,0    ' index 45 code LL   Lake
                                	SRCFILE "sp0256_capture.bas",133
                                	; A46
5257   5696                     label_A46:		DECLE _LL
5258   0000                     	DECLE 0
                                	;[134] a47:    VOICE YY1,0   ' index 46 code YY1  Yes (initial y)
                                	SRCFILE "sp0256_capture.bas",134
                                	; A47
5259   58E8                     label_A47:		DECLE _YY1
525A   0000                     	DECLE 0
                                	;[135] a48:    VOICE CH,0    ' index 47 code CH   CHurch
                                	SRCFILE "sp0256_capture.bas",135
                                	; A48
525B   547E                     label_A48:		DECLE _CH
525C   0000                     	DECLE 0
                                	;[136] a49:    VOICE DH2,0   ' index 51 code DH2  THe (light voiced th)
                                	SRCFILE "sp0256_capture.bas",136
                                	; A49
525D   54C2                     label_A49:		DECLE _DH2
525E   0000                     	DECLE 0
                                	;[137] a50:    VOICE SS,0    ' index 52 code SS   veSt
                                	SRCFILE "sp0256_capture.bas",137
                                	; A50
525F   57D7                     label_A50:		DECLE _SS
5260   0000                     	DECLE 0
                                	;[138] a51:    VOICE NN2,0   ' index 53 code NN2  No (initial n)
                                	SRCFILE "sp0256_capture.bas",138
                                	; A51
5261   56E4                     label_A51:		DECLE _NN2
5262   0000                     	DECLE 0
                                	;[139] a52:    VOICE HH2,0   ' index 54 code HH2  He (variant)
                                	SRCFILE "sp0256_capture.bas",139
                                	; A52
5263   55F8                     label_A52:		DECLE _HH2
5264   0000                     	DECLE 0
                                	;[140] a53:    VOICE GG2,0   ' index 58 code GG2  Got (variant)
                                	SRCFILE "sp0256_capture.bas",140
                                	; A53
5265   55BF                     label_A53:		DECLE _GG2
5266   0000                     	DECLE 0
                                	;[141] a54:    VOICE BB2,0   ' index 60 code BB2  Business (variant)
                                	SRCFILE "sp0256_capture.bas",141
                                	; A54
5267   546C                     label_A54:		DECLE _BB2
5268   0000                     	DECLE 0
                                	;[142] ' ---- Special ----
                                	SRCFILE "sp0256_capture.bas",142
                                	;[143] a55:    VOICE ER1,0   ' index 48 code ER1  fEar (r-colored)
                                	SRCFILE "sp0256_capture.bas",143
                                	; A55
5269   54FF                     label_A55:		DECLE _ER1
526A   0000                     	DECLE 0
                                	;[144] a56:    VOICE ER2,0   ' index 49 code ER2  bURn
                                	SRCFILE "sp0256_capture.bas",144
                                	; A56
526B   5540                     label_A56:		DECLE _ER2
526C   0000                     	DECLE 0
                                	;[145] a57:    VOICE OR2,0   ' index 55 code OR   stORe  (IntyBASIC name: OR2)
                                	SRCFILE "sp0256_capture.bas",145
                                	; A57
526D   5710                     label_A57:		DECLE _OR2
526E   0000                     	DECLE 0
                                	;[146] a58:    VOICE AR,0    ' index 56 code AR   alARm
                                	SRCFILE "sp0256_capture.bas",146
                                	; A58
526F   53CD                     label_A58:		DECLE _AR
5270   0000                     	DECLE 0
                                	;[147] a59:    VOICE YR,0    ' index 57 code YR   EAR
                                	SRCFILE "sp0256_capture.bas",147
                                	; A59
5271   58CA                     label_A59:		DECLE _YR
5272   0000                     	DECLE 0
                                	;[148] a60:    VOICE EL,0    ' index 59 code EL   saddLE (syllabic l)
                                	SRCFILE "sp0256_capture.bas",148
                                	; A60
5273   54E2                     label_A60:		DECLE _EL
5274   0000                     	DECLE 0
                                	;ENDFILE
                                	;ENDFILE
                                	SRCFILE "",0
                                	;
                                	; Epilogue for IntyBASIC programs
                                	; by Oscar Toledo G.  http://nanochess.org/
                                	;
                                	; Revision: Jan/30/2014. Moved GRAM code below MOB updates.
                                	;                        Added comments.
                                	; Revision: Feb/26/2014. Optimized access to collision registers
                                	;                        per DZ-Jay suggestion. Added scrolling
                                	;                        routines with optimization per intvnut
                                	;                        suggestion. Added border/mask support.
                                	; Revision: Apr/02/2014. Added support to set MODE (color stack
                                	;                        or foreground/background), added support
                                	;                        for SCREEN statement.
                                	; Revision: Aug/19/2014. Solved bug in bottom scroll, moved an
                                	;                        extra unneeded line.
                                	; Revision: Aug/26/2014. Integrated music player and NTSC/PAL
                                	;                        detection.
                                	; Revision: Oct/24/2014. Adjust in some comments.
                                	; Revision: Nov/13/2014. Integrated Joseph Zbiciak's routines
                                	;                        for printing numbers.
                                	; Revision: Nov/17/2014. Redesigned MODE support to use a single
                                	;                        variable.
                                	; Revision: Nov/21/2014. Added Intellivoice support routines made
                                	;                        by Joseph Zbiciak.
                                	; Revision: Dec/11/2014. Optimized keypad decode routines.
                                	; Revision: Jan/25/2015. Added marker for insertion of ON FRAME GOSUB
                                	; Revision: Feb/17/2015. Allows to deactivate music player (PLAY NONE)
                                	; Revision: Apr/21/2015. Accelerates common case of keypad not pressed.
                                	;                        Added ECS ROM disable code.
                                	; Revision: Apr/22/2015. Added Joseph Zbiciak accelerated multiplication
                                	;                        routines.
                                	; Revision: Jun/04/2015. Optimized play_music (per GroovyBee suggestion)
                                	; Revision: Jul/25/2015. Added infinite loop at start to avoid crashing
                                	;                        with empty programs. Solved bug where _color
                                	;                        didn't started with white.
                                	; Revision: Aug/20/2015. Moved ECS mapper disable code so nothing gets
                                	;                        after it (GroovyBee 42K sample code)
                                	; Revision: Aug/21/2015. Added Joseph Zbiciak routines for JLP Flash
                                	;                        handling.
                                	; Revision: Aug/31/2015. Added CPYBLK2 for SCREEN fifth argument.
                                	; Revision: Sep/01/2015. Defined labels Q1 and Q2 as alias.
                                	; Revision: Jan/22/2016. Music player allows not to use noise channel
                                	;                        for drums. Allows setting music volume.
                                	; Revision: Jan/23/2016. Added jump inside of music (for MUSIC JUMP)
                                	; Revision: May/03/2016. Preserves current mode in bit 0 of _mode_select
                                	; Revision: Oct/21/2016. Added C7 in notes table, it was missing. (thanks
                                	;                        mmarrero)
                                	; Revision: Jan/09/2018. Initializes scroll offset registers (useful when
                                	;                        starting from $4800). Uses slightly less space.
                                	; Revision: Feb/05/2018. Added IV_HUSH.
                                	; Revision: Mar/01/2018. Added support for music tracker over ECS.
                                	; Revision: Sep/25/2018. Solved bug in mixer for ECS drums.
                                	; Revision: Oct/30/2018. Small optimization in music player.
                                	; Revision: Jan/09/2019. Solved bug where it would play always like
                                	;                        PLAY SIMPLE NO DRUMS.
                                	; Revision: May/18/2019. Solved bug where drums failed in ECS side.
                                	;

                                	;
                                	; Avoids empty programs to crash
                                	; 
5275   0220 0001                stuck:	B stuck

                                ;	ROM.SelectDefaultSegment
                                	;

                                	;
                                	; Copy screen helper for SCREEN wide statement
                                	;

0x5277                          CPYBLK2:	PROC
5277   0083                     	MOVR R0,R3		; Offset
5278   00AA                     	MOVR R5,R2
5279   02B0                     	PULR R0
527A   02B1                     	PULR R1
527B   02B5                     	PULR R5
527C   02B4                     	PULR R4
527D   0272                     	PSHR R2
527E   010B                     	SUBR R1,R3

527F   0273                     @@1:	PSHR R3
5280   008B                     	MOVR R1,R3		; Init line copy
5281   02A2                     @@2:	MVI@ R4,R2		; Copy line
5282   026A                     	MVO@ R2,R5
5283   0013                     	DECR R3
5284   022C 0004                	BNE @@2
5286   02B3                     	PULR R3		 ; Add offset to start in next line
5287   00DC                     	ADDR R3,R4
5288   010D                     	SUBR R1,R5
5289   02FD 0014                	ADDI #20,R5
528B   0010                     	DECR R0		 ; Count lines
528C   022C 000E                	BNE @@1

528E   02B7                     	RETURN
                                	ENDP

                                	;
                                	; Copy screen helper for SCREEN statement
                                	;
0x528F                          CPYBLK:	PROC
528F   0275                     	BEGIN
5290   009C                     	MOVR R3,R4
5291   0095                     	MOVR R2,R5

5292   008B                     @@1:	MOVR R1,R3	      ; Init line copy
5293   02A2                     @@2:	MVI@ R4,R2	      ; Copy line
5294   026A                     	MVO@ R2,R5
5295   0013                     	DECR R3
5296   022C 0004                	BNE @@2
5298   02BB 0014                	MVII #20,R3	     ; Add offset to start in next line
529A   010B                     	SUBR R1,R3
529B   00DC                     	ADDR R3,R4
529C   00DD                     	ADDR R3,R5
529D   0010                     	DECR R0		 ; Count lines
529E   022C 000D                	BNE @@1
52A0   02B7                     	RETURN
                                	ENDP

                                	;
                                	; Wait for interruption
                                	;
0x52A1                          _wait:  PROC

                                    IF intybasic_keypad
                                	MVI $01FF,R0
                                	COMR R0
                                	ANDI #$FF,R0
                                	CMP _cnt1_p0,R0
                                	BNE @@2
                                	CMP _cnt1_p1,R0
                                	BNE @@2
                                	TSTR R0		; Accelerates common case of key not pressed
                                	MVII #_keypad_table+13,R4
                                	BEQ @@4
                                	MVII #_keypad_table,R4
                                    REPEAT 6
                                	CMP@ R4,R0
                                	BEQ @@4
                                	CMP@ R4,R0
                                	BEQ @@4
                                    ENDR
                                	INCR R4
                                @@4:    SUBI #_keypad_table+1,R4
                                	MVO R4,_cnt1_key

                                @@2:    MVI _cnt1_p1,R1
                                	MVO R1,_cnt1_p0
                                	MVO R0,_cnt1_p1

                                	MVI $01FE,R0
                                	COMR R0
                                	ANDI #$FF,R0
                                	CMP _cnt2_p0,R0
                                	BNE @@5
                                	CMP _cnt2_p1,R0
                                	BNE @@5
                                	TSTR R0		; Accelerates common case of key not pressed
                                	MVII #_keypad_table+13,R4
                                	BEQ @@7
                                	MVII #_keypad_table,R4
                                    REPEAT 6
                                	CMP@ R4,R0
                                	BEQ @@7
                                	CMP@ R4,R0
                                	BEQ @@7
                                    ENDR

                                	INCR R4
                                @@7:    SUBI #_keypad_table+1,R4
                                	MVO R4,_cnt2_key

                                @@5:    MVI _cnt2_p1,R1
                                	MVO R1,_cnt2_p0
                                	MVO R0,_cnt2_p1
                                    ENDI

52A1   01C0                     	CLRR    R0
52A2   0240 0102                	MVO     R0,_int	 ; Clears waiting flag
52A4   0340 0102                @@1:	CMP     _int,  R0       ; Waits for change
52A6   0224 0003                	BEQ     @@1
52A8   00AF                     	JR      R5	      ; Returns
                                	ENDP

                                	;
                                	; Keypad table
                                	;
0x52A9                          _keypad_table:	  PROC
52A9   0048 0081 0041 0021      	DECLE $48,$81,$41,$21,$82,$42,$22,$84,$44,$24,$88,$28
52AD   0082 0042 0022 0084 0044 0024 0088 0028 
                                	ENDP

0x52B5                          _set_isr:	PROC
52B5   02A8                     	MVI@ R5,R0
52B6   0240 0100                	MVO R0,ISRVEC
52B8   0040                     	SWAP R0
52B9   0240 0101                	MVO R0,ISRVEC+1
52BB   00AF                     	JR R5
                                	ENDP

                                	;
                                	; Interruption routine
                                	;
0x52BC                          _int_vector:     PROC

                                    IF intybasic_stack
                                	CMPI #$308,R6
                                	BNC @@vs
                                	MVO R0,$20	; Enables display
                                	MVI $21,R0	; Activates Color Stack mode
                                	CLRR R0
                                	MVO R0,$28
                                	MVO R0,$29
                                	MVO R0,$2A
                                	MVO R0,$2B
                                	MVII #@@vs1,R4
                                	MVII #$200,R5
                                	MVII #20,R1
                                @@vs2:	MVI@ R4,R0
                                	MVO@ R0,R5
                                	DECR R1
                                	BNE @@vs2
                                	RETURN

                                	; Stack Overflow message
                                @@vs1:	DECLE 0,0,0,$33*8+7,$54*8+7,$41*8+7,$43*8+7,$4B*8+7,$00*8+7
                                	DECLE $4F*8+7,$56*8+7,$45*8+7,$52*8+7,$46*8+7,$4C*8+7
                                	DECLE $4F*8+7,$57*8+7,0,0,0

                                @@vs:
                                    ENDI

52BC   02B9 0001                	MVII #1,R1
52BE   0241 0102                	MVO R1,_int	; Indicates interrupt happened.

52C0   0280 0109                	MVI _mode_select,R0
52C2   007C                     	SARC R0,2
52C3   020C 0002                	BNE @@ds
52C5   0240 0020                	MVO R0,$20	; Enables display
52C7   0209 0006                @@ds:	BNC @@vi14
52C9   0240 0021                	MVO R0,$21	; Foreground/background mode
52CB   020A 001B                	BNOV @@vi0
52CD   0200 0013                	B @@vi15

52CF   0280 0021                @@vi14:	MVI $21,R0	; Color stack mode
52D1   020A 0015                	BNOV @@vi0
52D3   01C9                     	CLRR R1
52D4   0280 0347                	MVI _color,R0
52D6   0240 0028                	MVO R0,$28
52D8   0040                     	SWAP R0
52D9   0240 0029                	MVO R0,$29
52DB   0064                     	SLR R0,2
52DC   0064                     	SLR R0,2
52DD   0240 002A                	MVO R0,$2A
52DF   0040                     	SWAP R0
52E0   0240 002B                	MVO R0,$2B
0x52E2                          @@vi15:
52E2   0241 0109                	MVO R1,_mode_select
52E4   02B8 0007                	MVII #7,R0
52E6   0240 0347                	MVO R0,_color	   ; Default color for PRINT "string"
0x52E8                          @@vi0:

52E8   0275                     	BEGIN

52E9   0280 010A                	MVI _border_color,R0
52EB   0240 002C                	MVO     R0,     $2C     ; Border color
52ED   0280 010B                	MVI _border_mask,R0
52EF   0240 0032                	MVO     R0,     $32     ; Border mask
                                    IF intybasic_col
                                	;
                                	; Save collision registers for further use and clear them
                                	;
                                	MVII #$18,R4
                                	MVII #_col0,R5
                                	MVI@ R4,R0
                                	MVO@ R0,R5  ; _col0
                                	MVI@ R4,R0
                                	MVO@ R0,R5  ; _col1
                                	MVI@ R4,R0
                                	MVO@ R0,R5  ; _col2
                                	MVI@ R4,R0
                                	MVO@ R0,R5  ; _col3
                                	MVI@ R4,R0
                                	MVO@ R0,R5  ; _col4
                                	MVI@ R4,R0
                                	MVO@ R0,R5  ; _col5
                                	MVI@ R4,R0
                                	MVO@ R0,R5  ; _col6
                                	MVI@ R4,R0
                                	MVO@ R0,R5  ; _col7
                                    ENDI
                                	
                                    IF intybasic_scroll

                                	;
                                	; Scrolling things
                                	;
                                	MVI _scroll_x,R0
                                	MVO R0,$30
                                	MVI _scroll_y,R0
                                	MVO R0,$31
                                    ENDI

                                	;
                                	; Updates sprites (MOBs)
                                	;
52F1   02BC 0348                	MVII #_mobs,R4
52F3   01ED                     	CLRR R5		; X-coordinates
                                    REPEAT 8
52F4   02A0                     	MVI@ R4,R0
52F5   0268                     	MVO@ R0,R5
52F6   02A0                     	MVI@ R4,R0
52F7   0268                     	MVO@ R0,R5
52F8   02A0                     	MVI@ R4,R0
52F9   0268                     	MVO@ R0,R5
  ;== 1                             ENDR
52FA   02A0                     	MVI@ R4,R0
52FB   0268                     	MVO@ R0,R5
52FC   02A0                     	MVI@ R4,R0
52FD   0268                     	MVO@ R0,R5
52FE   02A0                     	MVI@ R4,R0
52FF   0268                     	MVO@ R0,R5
  ;== 2                             ENDR
5300   02A0                     	MVI@ R4,R0
5301   0268                     	MVO@ R0,R5
5302   02A0                     	MVI@ R4,R0
5303   0268                     	MVO@ R0,R5
5304   02A0                     	MVI@ R4,R0
5305   0268                     	MVO@ R0,R5
  ;== 3                             ENDR
5306   02A0                     	MVI@ R4,R0
5307   0268                     	MVO@ R0,R5
5308   02A0                     	MVI@ R4,R0
5309   0268                     	MVO@ R0,R5
530A   02A0                     	MVI@ R4,R0
530B   0268                     	MVO@ R0,R5
  ;== 4                             ENDR
530C   02A0                     	MVI@ R4,R0
530D   0268                     	MVO@ R0,R5
530E   02A0                     	MVI@ R4,R0
530F   0268                     	MVO@ R0,R5
5310   02A0                     	MVI@ R4,R0
5311   0268                     	MVO@ R0,R5
  ;== 5                             ENDR
5312   02A0                     	MVI@ R4,R0
5313   0268                     	MVO@ R0,R5
5314   02A0                     	MVI@ R4,R0
5315   0268                     	MVO@ R0,R5
5316   02A0                     	MVI@ R4,R0
5317   0268                     	MVO@ R0,R5
  ;== 6                             ENDR
5318   02A0                     	MVI@ R4,R0
5319   0268                     	MVO@ R0,R5
531A   02A0                     	MVI@ R4,R0
531B   0268                     	MVO@ R0,R5
531C   02A0                     	MVI@ R4,R0
531D   0268                     	MVO@ R0,R5
  ;== 7                             ENDR
531E   02A0                     	MVI@ R4,R0
531F   0268                     	MVO@ R0,R5
5320   02A0                     	MVI@ R4,R0
5321   0268                     	MVO@ R0,R5
5322   02A0                     	MVI@ R4,R0
5323   0268                     	MVO@ R0,R5
  ;== 8                             ENDR
                                    IF intybasic_col
                                	CLRR R0		; Erase collision bits (R5 = $18)
                                	MVO@ R0,R5
                                	MVO@ R0,R5
                                	MVO@ R0,R5
                                	MVO@ R0,R5
                                	MVO@ R0,R5
                                	MVO@ R0,R5
                                	MVO@ R0,R5
                                	MVO@ R0,R5
                                    ENDI

                                    IF intybasic_music
                                     	MVI _ntsc,R0
                                	RRC R0,1	 ; PAL?
                                	BNC @@vo97      ; Yes, always emit sound
                                	MVI _music_frame,R0
                                	INCR R0
                                	CMPI #6,R0
                                	BNE @@vo14
                                	CLRR R0
                                @@vo14:	MVO R0,_music_frame
                                	BEQ @@vo15
                                @@vo97:	CALL _emit_sound
                                    IF intybasic_music_ecs
                                	CALL _emit_sound_ecs
                                    ENDI
                                @@vo15:
                                    ENDI

                                	;
                                	; Detect GRAM definition
                                	;
5324   0284 0344                	MVI _gram_bitmap,R4
5326   00A4                     	TSTR R4
5327   0204 001E                	BEQ @@vi1
5329   0281 0105                	MVI _gram_target,R1
532B   004D                     	SLL R1,2
532C   0049                     	SLL R1,1
532D   02F9 3800                	ADDI #$3800,R1
532F   008D                     	MOVR R1,R5
5330   0280 0106                	MVI _gram_total,R0
0x5332                          @@vi3:
5332   02A1                     	MVI@    R4,     R1
5333   0269                     	MVO@    R1,     R5
5334   0041                     	SWAP    R1
5335   0269                     	MVO@    R1,     R5
5336   02A1                     	MVI@    R4,     R1
5337   0269                     	MVO@    R1,     R5
5338   0041                     	SWAP    R1
5339   0269                     	MVO@    R1,     R5
533A   02A1                     	MVI@    R4,     R1
533B   0269                     	MVO@    R1,     R5
533C   0041                     	SWAP    R1
533D   0269                     	MVO@    R1,     R5
533E   02A1                     	MVI@    R4,     R1
533F   0269                     	MVO@    R1,     R5
5340   0041                     	SWAP    R1
5341   0269                     	MVO@    R1,     R5
5342   0010                     	DECR R0
5343   022C 0012                	BNE @@vi3
5345   0240 0344                	MVO R0,_gram_bitmap
0x5347                          @@vi1:
5347   0284 0345                	MVI _gram2_bitmap,R4
5349   00A4                     	TSTR R4
534A   0204 001E                	BEQ @@vii1
534C   0281 0107                	MVI _gram2_target,R1
534E   004D                     	SLL R1,2
534F   0049                     	SLL R1,1
5350   02F9 3800                	ADDI #$3800,R1
5352   008D                     	MOVR R1,R5
5353   0280 0108                	MVI _gram2_total,R0
0x5355                          @@vii3:
5355   02A1                     	MVI@    R4,     R1
5356   0269                     	MVO@    R1,     R5
5357   0041                     	SWAP    R1
5358   0269                     	MVO@    R1,     R5
5359   02A1                     	MVI@    R4,     R1
535A   0269                     	MVO@    R1,     R5
535B   0041                     	SWAP    R1
535C   0269                     	MVO@    R1,     R5
535D   02A1                     	MVI@    R4,     R1
535E   0269                     	MVO@    R1,     R5
535F   0041                     	SWAP    R1
5360   0269                     	MVO@    R1,     R5
5361   02A1                     	MVI@    R4,     R1
5362   0269                     	MVO@    R1,     R5
5363   0041                     	SWAP    R1
5364   0269                     	MVO@    R1,     R5
5365   0010                     	DECR R0
5366   022C 0012                	BNE @@vii3
5368   0240 0345                	MVO R0,_gram2_bitmap
0x536A                          @@vii1:

                                    IF intybasic_scroll
                                	;
                                	; Frame scroll support
                                	;
                                	MVI _scroll_d,R0
                                	TSTR R0
                                	BEQ @@vi4
                                	CLRR R1
                                	MVO R1,_scroll_d
                                	DECR R0     ; Left
                                	BEQ @@vi5
                                	DECR R0     ; Right
                                	BEQ @@vi6
                                	DECR R0     ; Top
                                	BEQ @@vi7
                                	DECR R0     ; Bottom
                                	BEQ @@vi8
                                	B @@vi4

                                @@vi5:  MVII #$0200,R4
                                	MOVR R4,R5
                                	INCR R5
                                	MVII #12,R1
                                @@vi12: MVI@ R4,R2
                                	MVI@ R4,R3
                                	REPEAT 8
                                	MVO@ R2,R5
                                	MVI@ R4,R2
                                	MVO@ R3,R5
                                	MVI@ R4,R3
                                	ENDR
                                	MVO@ R2,R5
                                	MVI@ R4,R2
                                	MVO@ R3,R5
                                	MVO@ R2,R5
                                	INCR R4
                                	INCR R5
                                	DECR R1
                                	BNE @@vi12
                                	B @@vi4

                                @@vi6:  MVII #$0201,R4
                                	MVII #$0200,R5
                                	MVII #12,R1
                                @@vi11:
                                	REPEAT 19
                                	MVI@ R4,R0
                                	MVO@ R0,R5
                                	ENDR
                                	INCR R4
                                	INCR R5
                                	DECR R1
                                	BNE @@vi11
                                	B @@vi4
                                    
                                	;
                                	; Complex routine to be ahead of STIC display
                                	; Moves first the top 6 lines, saves intermediate line
                                	; Then moves the bottom 6 lines and restores intermediate line
                                	;
                                @@vi7:  MVII #$0264,R4
                                	MVII #5,R1
                                	MVII #_scroll_buffer,R5
                                	REPEAT 20
                                	MVI@ R4,R0
                                	MVO@ R0,R5
                                	ENDR
                                	SUBI #40,R4
                                	MOVR R4,R5
                                	ADDI #20,R5
                                @@vi10:
                                	REPEAT 20
                                	MVI@ R4,R0
                                	MVO@ R0,R5
                                	ENDR
                                	SUBI #40,R4
                                	SUBI #40,R5
                                	DECR R1
                                	BNE @@vi10
                                	MVII #$02C8,R4
                                	MVII #$02DC,R5
                                	MVII #5,R1
                                @@vi13:
                                	REPEAT 20
                                	MVI@ R4,R0
                                	MVO@ R0,R5
                                	ENDR
                                	SUBI #40,R4
                                	SUBI #40,R5
                                	DECR R1
                                	BNE @@vi13
                                	MVII #_scroll_buffer,R4
                                	REPEAT 20
                                	MVI@ R4,R0
                                	MVO@ R0,R5
                                	ENDR
                                	B @@vi4

                                @@vi8:  MVII #$0214,R4
                                	MVII #$0200,R5
                                	MVII #$DC/4,R1
                                @@vi9:  
                                	REPEAT 4
                                	MVI@ R4,R0
                                	MVO@ R0,R5
                                	ENDR
                                	DECR R1
                                	BNE @@vi9
                                	B @@vi4

                                @@vi4:
                                    ENDI

                                    IF intybasic_voice
                                	;
                                	; Intellivoice support
                                	;
536A   0004 0158 017C           	CALL IV_ISR
                                    ENDI

                                	;
                                	; Random number generator
                                	;
536D   0004 0150 0376           	CALL _next_random

                                    IF intybasic_music
                                	; Generate sound for next frame
                                       	MVI _ntsc,R0
                                	RRC R0,1	 ; PAL?
                                	BNC @@vo98      ; Yes, always generate sound
                                	MVI _music_frame,R0
                                	TSTR R0
                                	BEQ @@vo16
                                @@vo98: CALL _generate_music
                                @@vo16:
                                    ENDI

                                	; Increase frame number
5370   0280 0342                	MVI _frame,R0
5372   0008                     	INCR R0
5373   0240 0342                	MVO R0,_frame

                                	; This mark is for ON FRAME GOSUB support

5375   02B7                     	RETURN
                                	ENDP

                                	;
                                	; Generates the next random number
                                	;
0x5376                          _next_random:	PROC

                                MACRO _ROR
                                	RRC R0,1
                                	MOVR R0,R2
                                	SLR R2,2
                                	SLR R2,2
                                	ANDI #$0800,R2
                                	SLR R2,2
                                	SLR R2,2
                                	ANDI #$007F,R0
                                	XORR R2,R0
                                ENDM
5376   0280 0104                	MVI _rand,R0
5378   0007                     	SETC
                                ;	_ROR
5379   0070                     	RRC R0,1
537A   0082                     	MOVR R0,R2
537B   0066                     	SLR R2,2
537C   0066                     	SLR R2,2
537D   03BA 0800                	ANDI #$0800,R2
537F   0066                     	SLR R2,2
5380   0066                     	SLR R2,2
5381   03B8 007F                	ANDI #$007F,R0
5383   01D0                     	XORR R2,R0
5384   03C0 0342                	XOR _frame,R0
                                ;	_ROR
5386   0070                     	RRC R0,1
5387   0082                     	MOVR R0,R2
5388   0066                     	SLR R2,2
5389   0066                     	SLR R2,2
538A   03BA 0800                	ANDI #$0800,R2
538C   0066                     	SLR R2,2
538D   0066                     	SLR R2,2
538E   03B8 007F                	ANDI #$007F,R0
5390   01D0                     	XORR R2,R0
5391   03C0 0104                	XOR _rand,R0
                                ;	_ROR
5393   0070                     	RRC R0,1
5394   0082                     	MOVR R0,R2
5395   0066                     	SLR R2,2
5396   0066                     	SLR R2,2
5397   03BA 0800                	ANDI #$0800,R2
5399   0066                     	SLR R2,2
539A   0066                     	SLR R2,2
539B   03B8 007F                	ANDI #$007F,R0
539D   01D0                     	XORR R2,R0
539E   03F8 0009                	XORI #9,R0
53A0   0240 0104                	MVO R0,_rand
53A2   00AF                     	JR R5
                                	ENDP

                                    IF intybasic_music

                                	;
                                	; Music player, comes from my game Princess Quest for Intellivision
                                	; so it's a practical tracker used in a real game ;) and with enough
                                	; features.
                                	;

                                	; NTSC frequency for notes (based on 3.579545 mhz)
                                ntsc_note_table:    PROC
                                	; Silence - 0
                                	DECLE 0
                                	; Octave 2 - 1
                                	DECLE 1721,1621,1532,1434,1364,1286,1216,1141,1076,1017,956,909
                                	; Octave 3 - 13
                                	DECLE 854,805,761,717,678,639,605,571,538,508,480,453
                                	; Octave 4 - 25
                                	DECLE 427,404,380,360,339,321,302,285,270,254,240,226
                                	; Octave 5 - 37
                                	DECLE 214,202,191,180,170,160,151,143,135,127,120,113
                                	; Octave 6 - 49
                                	DECLE 107,101,95,90,85,80,76,71,67,64,60,57
                                	; Octave 7 - 61
                                	DECLE 54
                                	; Space for two notes more
                                	ENDP

                                	; PAL frequency for notes (based on 4 mhz)
                                pal_note_table:    PROC
                                	; Silence - 0
                                	DECLE 0
                                	; Octava 2 - 1
                                	DECLE 1923,1812,1712,1603,1524,1437,1359,1276,1202,1136,1068,1016
                                	; Octava 3 - 13
                                	DECLE 954,899,850,801,758,714,676,638,601,568,536,506
                                	; Octava 4 - 25
                                	DECLE 477,451,425,402,379,358,338,319,301,284,268,253
                                	; Octava 5 - 37
                                	DECLE 239,226,213,201,190,179,169,159,150,142,134,127
                                	; Octava 6 - 49
                                	DECLE 120,113,106,100,95,89,84,80,75,71,67,63
                                	; Octava 7 - 61
                                	DECLE 60
                                	; Space for two notes more
                                	ENDP
                                    ENDI

                                	;
                                	; Music tracker init
                                	;
0x53A3                          _init_music:	PROC
                                    IF intybasic_music
                                	MVI _ntsc,R0
                                	RRC R0,1
                                	MVII #ntsc_note_table,R0
                                	BC @@0
                                	MVII #pal_note_table,R0
                                @@0:	MVO R0,_music_table
                                	MVII #$38,R0	; $B8 blocks controllers o.O!
                                	MVO R0,_music_mix
                                    IF intybasic_music_ecs
                                	MVO R0,_music2_mix
                                    ENDI
                                	CLRR R0
                                    ELSE
53A3   00AF                     	JR R5		; Tracker disabled (no PLAY statement used)
                                    ENDI
                                	ENDP

                                    IF intybasic_music
                                	;
                                	; Start music
                                	; R0 = Pointer to music
                                	;
                                _play_music:	PROC
                                	MVII #1,R1
                                	MOVR R1,R3
                                	MOVR R0,R2
                                	BEQ @@1
                                	MVI@ R2,R3
                                	INCR R2
                                @@1:	MVO R2,_music_p
                                	MVO R2,_music_start
                                	SWAP R2
                                	MVO R2,_music_start+1
                                	MVO R3,_music_t
                                	MVO R1,_music_tc
                                	JR R5

                                	ENDP

                                	;
                                	; Generate music
                                	;
                                _generate_music:	PROC
                                	BEGIN
                                	MVI _music_mix,R0
                                	ANDI #$C0,R0
                                	XORI #$38,R0
                                	MVO R0,_music_mix
                                    IF intybasic_music_ecs
                                	MVI _music2_mix,R0
                                	ANDI #$C0,R0
                                	XORI #$38,R0
                                	MVO R0,_music2_mix
                                    ENDI
                                	CLRR R1			; Turn off volume for the three sound channels
                                	MVO R1,_music_vol1
                                	MVO R1,_music_vol2
                                	MVI _music_tc,R3
                                	MVO R1,_music_vol3
                                    IF intybasic_music_ecs
                                	MVO R1,_music2_vol1
                                	NOP
                                	MVO R1,_music2_vol2
                                	MVO R1,_music2_vol3
                                    ENDI
                                	DECR R3
                                	MVO R3,_music_tc
                                	BNE @@6
                                	; R3 is zero from here up to @@6
                                	MVI _music_p,R4
                                @@15:	TSTR R4		; Silence?
                                	BEQ @@43	; Keep quiet
                                @@41:	MVI@ R4,R0
                                	MVI@ R4,R1
                                	MVI _music_t,R2
                                	CMPI #$FA00,R1	; Volume?
                                	BNC @@42
                                    IF intybasic_music_volume
                                	BEQ @@40
                                    ENDI
                                	CMPI #$FF00,R1	; Speed?
                                	BEQ @@39
                                	CMPI #$FB00,R1	; Return?
                                	BEQ @@38
                                	CMPI #$FC00,R1	; Gosub?
                                	BEQ @@37
                                	CMPI #$FE00,R1	; The end?
                                	BEQ @@36       ; Keep quiet
                                ;	CMPI #$FD00,R1	; Repeat?
                                ;	BNE @@42
                                	MVI _music_start+1,R0
                                	SWAP R0
                                	ADD _music_start,R0
                                	MOVR R0,R4
                                	B @@15

                                    IF intybasic_music_volume
                                @@40:	
                                	MVO R0,_music_vol
                                	B @@41
                                    ENDI

                                @@39:	MVO R0,_music_t
                                	MOVR R0,R2
                                	B @@41

                                @@38:	MVI _music_gosub,R4
                                	B @@15

                                @@37:	MVO R4,_music_gosub
                                @@36:	MOVR R0,R4	; Jump, zero will make it quiet
                                	B @@15

                                @@43:	MVII #1,R0
                                	MVO R0,_music_tc
                                	B @@0
                                	
                                @@42: 	MVO R2,_music_tc    ; Restart note time
                                     	MVO R4,_music_p
                                     	
                                	MOVR R0,R2
                                	ANDI #$FF,R2
                                	CMPI #$3F,R2	; Sustain note?
                                	BEQ @@1
                                	MOVR R2,R4
                                	ANDI #$3F,R4
                                	MVO R4,_music_n1	; Note
                                	MVO R3,_music_s1	; Waveform
                                	ANDI #$C0,R2
                                	MVO R2,_music_i1	; Instrument
                                	
                                @@1:	SWAP R0
                                	ANDI #$FF,R0
                                	CMPI #$3F,R0	; Sustain note?
                                	BEQ @@2
                                	MOVR R0,R4
                                	ANDI #$3F,R4
                                	MVO R4,_music_n2	; Note
                                	MVO R3,_music_s2	; Waveform
                                	ANDI #$C0,R0
                                	MVO R0,_music_i2	; Instrument
                                	
                                @@2:	MOVR R1,R2
                                	ANDI #$FF,R2
                                	CMPI #$3F,R2	; Sustain note?
                                	BEQ @@3
                                	MOVR R2,R4
                                	ANDI #$3F,R4
                                	MVO R4,_music_n3	; Note
                                	MVO R3,_music_s3	; Waveform
                                	ANDI #$C0,R2
                                	MVO R2,_music_i3	; Instrument
                                	
                                @@3:	SWAP R1
                                	MVO R1,_music_n4
                                	MVO R3,_music_s4
                                	
                                    IF intybasic_music_ecs
                                	MVI _music_p,R4
                                	MVI@ R4,R0
                                	MVI@ R4,R1
                                	MVO R4,_music_p

                                	MOVR R0,R2
                                	ANDI #$FF,R2
                                	CMPI #$3F,R2	; Sustain note?
                                	BEQ @@33
                                	MOVR R2,R4
                                	ANDI #$3F,R4
                                	MVO R4,_music_n5	; Note
                                	MVO R3,_music_s5	; Waveform
                                	ANDI #$C0,R2
                                	MVO R2,_music_i5	; Instrument
                                	
                                @@33:	SWAP R0
                                	ANDI #$FF,R0
                                	CMPI #$3F,R0	; Sustain note?
                                	BEQ @@34
                                	MOVR R0,R4
                                	ANDI #$3F,R4
                                	MVO R4,_music_n6	; Note
                                	MVO R3,_music_s6	; Waveform
                                	ANDI #$C0,R0
                                	MVO R0,_music_i6	; Instrument
                                	
                                @@34:	MOVR R1,R2
                                	ANDI #$FF,R2
                                	CMPI #$3F,R2	; Sustain note?
                                	BEQ @@35
                                	MOVR R2,R4
                                	ANDI #$3F,R4
                                	MVO R4,_music_n7	; Note
                                	MVO R3,_music_s7	; Waveform
                                	ANDI #$C0,R2
                                	MVO R2,_music_i7	; Instrument
                                	
                                @@35:	MOVR R1,R2
                                	SWAP R2
                                	MVO R2,_music_n8
                                	MVO R3,_music_s8
                                	
                                    ENDI

                                	;
                                	; Construct main voice
                                	;
                                @@6:	MVI _music_n1,R3	; Read note
                                	TSTR R3		; There is note?
                                	BEQ @@7		; No, jump
                                	MVI _music_s1,R1
                                	MVI _music_i1,R2
                                	MOVR R1,R0
                                	CALL _note2freq
                                	MVO R3,_music_freq10	; Note in voice A
                                	SWAP R3
                                	MVO R3,_music_freq11
                                	MVO R1,_music_vol1
                                	; Increase time for instrument waveform
                                	INCR R0
                                	CMPI #$18,R0
                                	BNE @@20
                                	SUBI #$08,R0
                                @@20:	MVO R0,_music_s1

                                @@7:	MVI _music_n2,R3	; Read note
                                	TSTR R3		; There is note?
                                	BEQ @@8		; No, jump
                                	MVI _music_s2,R1
                                	MVI _music_i2,R2
                                	MOVR R1,R0
                                	CALL _note2freq
                                	MVO R3,_music_freq20	; Note in voice B
                                	SWAP R3
                                	MVO R3,_music_freq21
                                	MVO R1,_music_vol2
                                	; Increase time for instrument waveform
                                	INCR R0
                                	CMPI #$18,R0
                                	BNE @@21
                                	SUBI #$08,R0
                                @@21:	MVO R0,_music_s2

                                @@8:	MVI _music_n3,R3	; Read note
                                	TSTR R3		; There is note?
                                	BEQ @@9		; No, jump
                                	MVI _music_s3,R1
                                	MVI _music_i3,R2
                                	MOVR R1,R0
                                	CALL _note2freq
                                	MVO R3,_music_freq30	; Note in voice C
                                	SWAP R3
                                	MVO R3,_music_freq31
                                	MVO R1,_music_vol3
                                	; Increase time for instrument waveform
                                	INCR R0
                                	CMPI #$18,R0
                                	BNE @@22
                                	SUBI #$08,R0
                                @@22:	MVO R0,_music_s3

                                @@9:	MVI _music_n4,R0	; Read drum
                                	DECR R0		; There is drum?
                                	BMI @@4		; No, jump
                                	MVI _music_s4,R1
                                	       		; 1 - Strong
                                	BNE @@5
                                	CMPI #3,R1
                                	BGE @@12
                                @@10:	MVII #5,R0
                                	MVO R0,_music_noise
                                	CALL _activate_drum
                                	B @@12

                                @@5:	DECR R0		;2 - Short
                                	BNE @@11
                                	TSTR R1
                                	BNE @@12
                                	MVII #8,R0
                                	MVO R0,_music_noise
                                	CALL _activate_drum
                                	B @@12

                                @@11:	;DECR R0	; 3 - Rolling
                                	;BNE @@12
                                	CMPI #2,R1
                                	BLT @@10
                                	MVI _music_t,R0
                                	SLR R0,1
                                	CMPR R0,R1
                                	BLT @@12
                                	ADDI #2,R0
                                	CMPR R0,R1
                                	BLT @@10
                                	; Increase time for drum waveform
                                @@12:   INCR R1
                                	MVO R1,_music_s4

                                @@4:
                                    IF intybasic_music_ecs
                                	;
                                	; Construct main voice
                                	;
                                	MVI _music_n5,R3	; Read note
                                	TSTR R3		; There is note?
                                	BEQ @@23	; No, jump
                                	MVI _music_s5,R1
                                	MVI _music_i5,R2
                                	MOVR R1,R0
                                	CALL _note2freq
                                	MVO R3,_music2_freq10	; Note in voice A
                                	SWAP R3
                                	MVO R3,_music2_freq11
                                	MVO R1,_music2_vol1
                                	; Increase time for instrument waveform
                                	INCR R0
                                	CMPI #$18,R0
                                	BNE @@24
                                	SUBI #$08,R0
                                @@24:	MVO R0,_music_s5

                                @@23:	MVI _music_n6,R3	; Read note
                                	TSTR R3		; There is note?
                                	BEQ @@25		; No, jump
                                	MVI _music_s6,R1
                                	MVI _music_i6,R2
                                	MOVR R1,R0
                                	CALL _note2freq
                                	MVO R3,_music2_freq20	; Note in voice B
                                	SWAP R3
                                	MVO R3,_music2_freq21
                                	MVO R1,_music2_vol2
                                	; Increase time for instrument waveform
                                	INCR R0
                                	CMPI #$18,R0
                                	BNE @@26
                                	SUBI #$08,R0
                                @@26:	MVO R0,_music_s6

                                @@25:	MVI _music_n7,R3	; Read note
                                	TSTR R3		; There is note?
                                	BEQ @@27		; No, jump
                                	MVI _music_s7,R1
                                	MVI _music_i7,R2
                                	MOVR R1,R0
                                	CALL _note2freq
                                	MVO R3,_music2_freq30	; Note in voice C
                                	SWAP R3
                                	MVO R3,_music2_freq31
                                	MVO R1,_music2_vol3
                                	; Increase time for instrument waveform
                                	INCR R0
                                	CMPI #$18,R0
                                	BNE @@28
                                	SUBI #$08,R0
                                @@28:	MVO R0,_music_s7

                                @@27:	MVI _music_n8,R0	; Read drum
                                	DECR R0		; There is drum?
                                	BMI @@0		; No, jump
                                	MVI _music_s8,R1
                                	       		; 1 - Strong
                                	BNE @@29
                                	CMPI #3,R1
                                	BGE @@31
                                @@32:	MVII #5,R0
                                	MVO R0,_music2_noise
                                	CALL _activate_drum_ecs
                                	B @@31

                                @@29:	DECR R0		;2 - Short
                                	BNE @@30
                                	TSTR R1
                                	BNE @@31
                                	MVII #8,R0
                                	MVO R0,_music2_noise
                                	CALL _activate_drum_ecs
                                	B @@31

                                @@30:	;DECR R0	; 3 - Rolling
                                	;BNE @@31
                                	CMPI #2,R1
                                	BLT @@32
                                	MVI _music_t,R0
                                	SLR R0,1
                                	CMPR R0,R1
                                	BLT @@31
                                	ADDI #2,R0
                                	CMPR R0,R1
                                	BLT @@32
                                	; Increase time for drum waveform
                                @@31:	INCR R1
                                	MVO R1,_music_s8

                                    ENDI
                                @@0:	RETURN
                                	ENDP

                                	;
                                	; Translates note number to frequency
                                	; R3 = Note
                                	; R1 = Position in waveform for instrument
                                	; R2 = Instrument
                                	;
                                _note2freq:	PROC
                                	ADD _music_table,R3
                                	MVI@ R3,R3
                                	SWAP R2
                                	BEQ _piano_instrument
                                	RLC R2,1
                                	BNC _clarinet_instrument
                                	BPL _flute_instrument
                                ;	BMI _bass_instrument
                                	ENDP

                                	;
                                	; Generates a bass
                                	;
                                _bass_instrument:	PROC
                                	SLL R3,2	; Lower 2 octaves
                                	ADDI #_bass_volume,R1
                                	MVI@ R1,R1	; Bass effect
                                    IF intybasic_music_volume
                                	B _global_volume
                                    ELSE
                                	JR R5
                                    ENDI
                                	ENDP

                                _bass_volume:	PROC
                                	DECLE 12,13,14,14,13,12,12,12
                                	DECLE 11,11,12,12,11,11,12,12
                                	DECLE 11,11,12,12,11,11,12,12
                                	ENDP

                                	;
                                	; Generates a piano
                                	; R3 = Frequency
                                	; R1 = Waveform position
                                	;
                                	; Output:
                                	; R3 = Frequency.
                                	; R1 = Volume.
                                	;
                                _piano_instrument:	PROC
                                	ADDI #_piano_volume,R1
                                	MVI@ R1,R1
                                    IF intybasic_music_volume
                                	B _global_volume
                                    ELSE
                                	JR R5
                                    ENDI
                                	ENDP

                                _piano_volume:	PROC
                                	DECLE 14,13,13,12,12,11,11,10
                                	DECLE 10,9,9,8,8,7,7,6
                                	DECLE 6,6,7,7,6,6,5,5
                                	ENDP

                                	;
                                	; Generate a clarinet
                                	; R3 = Frequency
                                	; R1 = Waveform position
                                	;
                                	; Output:
                                	; R3 = Frequency
                                	; R1 = Volume
                                	;
                                _clarinet_instrument:	PROC
                                	ADDI #_clarinet_vibrato,R1
                                	ADD@ R1,R3
                                	CLRC
                                	RRC R3,1	; Duplicates frequency
                                	ADCR R3
                                	ADDI #_clarinet_volume-_clarinet_vibrato,R1
                                	MVI@ R1,R1
                                    IF intybasic_music_volume
                                	B _global_volume
                                    ELSE
                                	JR R5
                                    ENDI
                                	ENDP

                                _clarinet_vibrato:	PROC
                                	DECLE 0,0,0,0
                                	DECLE -2,-4,-2,0
                                	DECLE 2,4,2,0
                                	DECLE -2,-4,-2,0
                                	DECLE 2,4,2,0
                                	DECLE -2,-4,-2,0
                                	ENDP

                                _clarinet_volume:	PROC
                                	DECLE 13,14,14,13,13,12,12,12
                                	DECLE 11,11,11,11,12,12,12,12
                                	DECLE 11,11,11,11,12,12,12,12
                                	ENDP

                                	;
                                	; Generates a flute
                                	; R3 = Frequency
                                	; R1 = Waveform position
                                	;
                                	; Output:
                                	; R3 = Frequency
                                	; R1 = Volume
                                	;
                                _flute_instrument:	PROC
                                	ADDI #_flute_vibrato,R1
                                	ADD@ R1,R3
                                	ADDI #_flute_volume-_flute_vibrato,R1
                                	MVI@ R1,R1
                                    IF intybasic_music_volume
                                	B _global_volume
                                    ELSE
                                	JR R5
                                    ENDI
                                	ENDP

                                _flute_vibrato:	PROC
                                	DECLE 0,0,0,0
                                	DECLE 0,1,2,1
                                	DECLE 0,1,2,1
                                	DECLE 0,1,2,1
                                	DECLE 0,1,2,1
                                	DECLE 0,1,2,1
                                	ENDP
                                		 
                                _flute_volume:	PROC
                                	DECLE 10,12,13,13,12,12,12,12
                                	DECLE 11,11,11,11,10,10,10,10
                                	DECLE 11,11,11,11,10,10,10,10
                                	ENDP

                                    IF intybasic_music_volume

                                _global_volume:	PROC
                                	MVI _music_vol,R2
                                	ANDI #$0F,R2
                                	SLL R2,2
                                	SLL R2,2
                                	ADDR R1,R2
                                	ADDI #@@table,R2
                                	MVI@ R2,R1
                                	JR R5

                                @@table:
                                	DECLE 0,0,0,0,0,0,0,0,0,0,0,0,0,0,0,0
                                	DECLE 0,0,0,0,0,0,0,1,1,1,1,1,1,1,1,1
                                	DECLE 0,0,0,0,1,1,1,1,1,1,1,2,2,2,2,2
                                	DECLE 0,0,0,1,1,1,1,1,2,2,2,2,2,3,3,3
                                	DECLE 0,0,1,1,1,1,2,2,2,2,3,3,3,4,4,4
                                	DECLE 0,0,1,1,1,2,2,2,3,3,3,4,4,4,5,5
                                	DECLE 0,0,1,1,2,2,2,3,3,4,4,4,5,5,6,6
                                	DECLE 0,1,1,1,2,2,3,3,4,4,5,5,6,6,7,7
                                	DECLE 0,1,1,2,2,3,3,4,4,5,5,6,6,7,8,8
                                	DECLE 0,1,1,2,2,3,4,4,5,5,6,7,7,8,8,9
                                	DECLE 0,1,1,2,3,3,4,5,5,6,7,7,8,9,9,10
                                	DECLE 0,1,2,2,3,4,4,5,6,7,7,8,9,10,10,11
                                	DECLE 0,1,2,2,3,4,5,6,6,7,8,9,10,10,11,12
                                	DECLE 0,1,2,3,4,4,5,6,7,8,9,10,10,11,12,13
                                	DECLE 0,1,2,3,4,5,6,7,8,8,9,10,11,12,13,14
                                	DECLE 0,1,2,3,4,5,6,7,8,9,10,11,12,13,14,15

                                	ENDP

                                    ENDI

                                    IF intybasic_music_ecs
                                	;
                                	; Emits sound for ECS
                                	;
                                _emit_sound_ecs:	PROC
                                	MOVR R5,R1
                                	MVI _music_mode,R2
                                	SARC R2,1
                                	BEQ @@6
                                	MVII #_music2_freq10,R4
                                	MVII #$00F0,R5
                                	B _emit_sound.0

                                @@6:	JR R1

                                	ENDP

                                    ENDI

                                	;
                                	; Emits sound
                                	;
                                _emit_sound:	PROC
                                	MOVR R5,R1
                                	MVI _music_mode,R2
                                	SARC R2,1
                                	BEQ @@6
                                	MVII #_music_freq10,R4
                                	MVII #$01F0,R5
                                @@0:
                                	MVI@ R4,R0
                                	MVO@ R0,R5	; $01F0 - Channel A Period (Low 8 bits of 12)
                                	MVI@ R4,R0
                                	MVO@ R0,R5	; $01F1 - Channel B Period (Low 8 bits of 12)
                                	DECR R2
                                	BEQ @@1
                                	MVI@ R4,R0	
                                	MVO@ R0,R5	; $01F2 - Channel C Period (Low 8 bits of 12)
                                	INCR R5		; Avoid $01F3 - Enveloped Period (Low 8 bits of 16)
                                	MVI@ R4,R0
                                	MVO@ R0,R5	; $01F4 - Channel A Period (High 4 bits of 12)
                                	MVI@ R4,R0
                                	MVO@ R0,R5	; $01F5 - Channel B Period (High 4 bits of 12)
                                	MVI@ R4,R0
                                	MVO@ R0,R5	; $01F6 - Channel C Period (High 4 bits of 12)
                                	INCR R5		; Avoid $01F7 - Envelope Period (High 8 bits of 16)
                                	BC @@2		; Jump if playing with drums
                                	ADDI #2,R4
                                	ADDI #3,R5
                                	B @@3

                                @@2:	MVI@ R4,R0
                                	MVO@ R0,R5	; $01F8 - Enable Noise/Tone (bits 3-5 Noise : 0-2 Tone)
                                	MVI@ R4,R0	
                                	MVO@ R0,R5	; $01F9 - Noise Period (5 bits)
                                	INCR R5		; Avoid $01FA - Envelope Type (4 bits)
                                @@3:	MVI@ R4,R0
                                	MVO@ R0,R5	; $01FB - Channel A Volume
                                	MVI@ R4,R0
                                	MVO@ R0,R5	; $01FC - Channel B Volume
                                	MVI@ R4,R0
                                	MVO@ R0,R5	; $01FD - Channel C Volume
                                	JR R1

                                @@1:	INCR R4		
                                	INCR R5		; Avoid $01F2 and $01F3
                                	INCR R5		; Cannot use ADDI
                                	MVI@ R4,R0
                                	MVO@ R0,R5	; $01F4 - Channel A Period (High 4 bits of 12)
                                	MVI@ R4,R0
                                	MVO@ R0,R5	; $01F5 - Channel B Period (High 4 bits of 12)
                                	INCR R4
                                	INCR R5		; Avoid $01F6 and $01F7
                                	INCR R5		; Cannot use ADDI
                                	BC @@4		; Jump if playing with drums
                                	ADDI #2,R4
                                	ADDI #3,R5
                                	B @@5

                                @@4:	MVI@ R4,R0
                                	MVO@ R0,R5	; $01F8 - Enable Noise/Tone (bits 3-5 Noise : 0-2 Tone)
                                	MVI@ R4,R0
                                	MVO@ R0,R5	; $01F9 - Noise Period (5 bits)
                                	INCR R5		; Avoid $01FA - Envelope Type (4 bits)
                                @@5:	MVI@ R4,R0
                                	MVO@ R0,R5	; $01FB - Channel A Volume
                                	MVI@ R4,R0
                                	MVO@ R0,R5	; $01FC - Channel B Volume
                                @@6:	JR R1
                                	ENDP

                                	;
                                	; Activates drum
                                	;
                                _activate_drum:	PROC
                                    IF intybasic_music_volume
                                	BEGIN
                                    ENDI
                                	MVI _music_mode,R2
                                	SARC R2,1	; PLAY NO DRUMS?
                                	BNC @@0		; Yes, jump
                                	MVI _music_vol1,R0
                                	TSTR R0
                                	BNE @@1
                                	MVII #11,R1
                                    IF intybasic_music_volume
                                	CALL _global_volume
                                    ENDI
                                	MVO R1,_music_vol1
                                	MVI _music_mix,R0
                                	ANDI #$F6,R0
                                	XORI #$01,R0
                                	MVO R0,_music_mix
                                    IF intybasic_music_volume
                                	RETURN
                                    ELSE
                                	JR R5
                                    ENDI

                                @@1:    MVI _music_vol2,R0
                                	TSTR R0
                                	BNE @@2
                                	MVII #11,R1
                                    IF intybasic_music_volume
                                	CALL _global_volume
                                    ENDI
                                	MVO R1,_music_vol2
                                	MVI _music_mix,R0
                                	ANDI #$ED,R0
                                	XORI #$02,R0
                                	MVO R0,_music_mix
                                    IF intybasic_music_volume
                                	RETURN
                                    ELSE
                                	JR R5
                                    ENDI

                                @@2:    DECR R2		; PLAY SIMPLE?
                                	BEQ @@3		; Yes, jump
                                	MVI _music_vol3,R0
                                	TSTR R0
                                	BNE @@3
                                	MVII #11,R1
                                    IF intybasic_music_volume
                                	CALL _global_volume
                                    ENDI
                                	MVO R1,_music_vol3
                                	MVI _music_mix,R0
                                	ANDI #$DB,R0
                                	XORI #$04,R0
                                	MVO R0,_music_mix
                                    IF intybasic_music_volume
                                	RETURN
                                    ELSE
                                	JR R5
                                    ENDI

                                @@3:    MVI _music_mix,R0
                                	ANDI #$EF,R0
                                	MVO R0,_music_mix
                                @@0:	
                                    IF intybasic_music_volume
                                	RETURN
                                    ELSE
                                	JR R5
                                    ENDI

                                	ENDP

                                    IF intybasic_music_ecs
                                	;
                                	; Activates drum
                                	;
                                _activate_drum_ecs:	PROC
                                    IF intybasic_music_volume
                                	BEGIN
                                    ENDI
                                	MVI _music_mode,R2
                                	SARC R2,1	; PLAY NO DRUMS?
                                	BNC @@0		; Yes, jump
                                	MVI _music2_vol1,R0
                                	TSTR R0
                                	BNE @@1
                                	MVII #11,R1
                                    IF intybasic_music_volume
                                	CALL _global_volume
                                    ENDI
                                	MVO R1,_music2_vol1
                                	MVI _music2_mix,R0
                                	ANDI #$F6,R0
                                	XORI #$01,R0
                                	MVO R0,_music2_mix
                                    IF intybasic_music_volume
                                	RETURN
                                    ELSE
                                	JR R5
                                    ENDI

                                @@1:    MVI _music2_vol2,R0
                                	TSTR R0
                                	BNE @@2
                                	MVII #11,R1
                                    IF intybasic_music_volume
                                	CALL _global_volume
                                    ENDI
                                	MVO R1,_music2_vol2
                                	MVI _music2_mix,R0
                                	ANDI #$ED,R0
                                	XORI #$02,R0
                                	MVO R0,_music2_mix
                                    IF intybasic_music_volume
                                	RETURN
                                    ELSE
                                	JR R5
                                    ENDI

                                @@2:    DECR R2		; PLAY SIMPLE?
                                	BEQ @@3		; Yes, jump
                                	MVI _music2_vol3,R0
                                	TSTR R0
                                	BNE @@3
                                	MVII #11,R1
                                    IF intybasic_music_volume
                                	CALL _global_volume
                                    ENDI
                                	MVO R1,_music2_vol3
                                	MVI _music2_mix,R0
                                	ANDI #$DB,R0
                                	XORI #$04,R0
                                	MVO R0,_music2_mix
                                    IF intybasic_music_volume
                                	RETURN
                                    ELSE
                                	JR R5
                                    ENDI

                                @@3:    MVI _music2_mix,R0
                                	ANDI #$EF,R0
                                	MVO R0,_music2_mix
                                @@0:	
                                    IF intybasic_music_volume
                                	RETURN
                                    ELSE
                                	JR R5
                                    ENDI

                                	ENDP

                                    ENDI

                                    ENDI
                                    
                                    IF intybasic_numbers

                                ;;==========================================================================;;
                                ;; IntyBASIC SDK Library: print-num.asm                                     ;;
                                ;;--------------------------------------------------------------------------;;
                                ;;  This library is based on a BCD display algorithm originally proposed by ;;
                                ;;  Mark Ball (GroovyBee), with additional optimizations suggested by Joe   ;;
                                ;;  Zbiciak (intvnut) in the AtariAge Intellivision Programming forum.  It  ;;
                                ;;  is a novel implementation of Joe's PRNUM16() routine, intended to       ;;
                                ;;  execute much faster.                                                    ;;
                                ;;                                                                          ;;
                                ;;  The algorithm was then further optimized and adapted for the            ;;
                                ;;  P-Machinery framework by unrolling the loops, etc.  It was then         ;;
                                ;;  modified once again to support the original PRNUM16() functionality and ;;
                                ;;  invocation interface, and serve as a drop-in replacement in the         ;;
                                ;;  IntyBASIC run-time framework.                                           ;;
                                ;;--------------------------------------------------------------------------;;
                                ;;      The file is placed into the public domain by its author.            ;;
                                ;;      All copyrights are hereby relinquished on the routines and data in  ;;
                                ;;      this file.  -- James Pujals (DZ-Jay), 2024                          ;;
                                ;;==========================================================================;;

                                ;; ======================================================================== ;;
                                ;;  PRINT_NUM16_PAD                                                         ;;
                                ;;  Procedure to print an unsigned 16-bit value as a decimal number, left-  ;;
                                ;;  or right-justified, with optional pre-padding.  It also supports        ;;
                                ;;  variable field widths.                                                  ;;
                                ;;                                                                          ;;
                                ;;  DESCRIPTION:                                                            ;;
                                ;;      Depending on the entry point invoked, the number is printed in      ;;
                                ;;      either left- or right-justified format.  Right-justified numbers    ;;
                                ;;      are padded with leading zeros or blanks to fit the given width.     ;;
                                ;;      Left-justified numbers are not padded, and the field width argument ;;
                                ;;      is ignored.                                                         ;;
                                ;;                                                                          ;;
                                ;;      Examples:                                                           ;;
                                ;;          Routine               Value      Field       Output             ;;
                                ;;          ------------------  ---------  ----------  ----------           ;;
                                ;;          PRINT_NUM16_PAD.l      123        N/A       "123"               ;;
                                ;;          PRINT_NUM16_PAD.b      123         3        "123"               ;;
                                ;;          PRINT_NUM16_PAD.b      123         4        " 123"              ;;
                                ;;          PRINT_NUM16_PAD.b      123         7        "    123"           ;;
                                ;;          PRINT_NUM16_PAD.z      123         3        "123"               ;;
                                ;;          PRINT_NUM16_PAD.z      123         4        "0123"              ;;
                                ;;          PRINT_NUM16_PAD.z      123         7        "0000123"           ;;
                                ;;                                                                          ;;
                                ;;      After doing some housekeeping preparations for the variant invoked, ;;
                                ;;      the routine then identifies the lowest power-of-10 that is higher   ;;
                                ;;      than the input number.  It then proceeds to divide the number by    ;;
                                ;;      decreasing powers-of-ten to derive each digit to print, in          ;;
                                ;;      succession.  All divisions are made by repeated subtraction.        ;;
                                ;;                                                                          ;;
                                ;;      The routine does not access any RAM (other than the stack), or      ;;
                                ;;      depend on any external resources, so it is fully re-entrant.        ;;
                                ;;                                                                          ;;
                                ;;  CODESIZE:                                                               ;;
                                ;;      132 words, including jump tables and unrolled loops.                ;;
                                ;;                                                                          ;;
                                ;; ------------------------------------------------------------------------ ;;
                                ;;                                                                          ;;
                                ;;  There are three entry points to this procedure:                         ;;
                                ;;      PRINT_NUM16_PAD.l       Prints a left-justified 16-bit number.      ;;
                                ;;                                                                          ;;
                                ;;      PRINT_NUM16_PAD.z       Prints a right-justified 16-bit number,     ;;
                                ;;                              padded with zeros.                          ;;
                                ;;                                                                          ;;
                                ;;      PRINT_NUM16_PAD.b       Prints a right-justified 16-bit number,     ;;
                                ;;                              padded with blanks.                         ;;
                                ;;                                                                          ;;
                                ;;  NOTE:   The field width must be equal to, or wider than, the decimal    ;;
                                ;;          number width, or else the output will be corrupted.  Also, the  ;;
                                ;;          format word must be a valid BACKTAB color value.  If the format ;;
                                ;;          includes any other bits, it may corrupt the output.             ;;
                                ;;                                                                          ;;
                                ;;          The routine also supports field widths larger than 5 positions, ;;
                                ;;          padding them with zeros or blanks, as necessary.  However, no   ;;
                                ;;          bounds-checking is performed, so it is possible to attemp to    ;;
                                ;;          print beyond the BACKTAB bounds.                                ;;
                                ;;                                                                          ;;
                                ;;  INPUT for PRINT_NUM16_PAD (all variations)                              ;;
                                ;;      R0      16-bit numeric value.                                       ;;
                                ;;      R2      Print field width.                                          ;;
                                ;;      R3      BACKTAB format word for prefix char.                        ;;
                                ;;      R4      Pointer to BACKTAB destination.                             ;;
                                ;;      R5      Pointer to invocation record, followed by return address.   ;;
                                ;;                                                                          ;;
                                ;;  OUTPUT                                                                  ;;
                                ;;      R0      Trashed.                                                    ;;
                                ;;      R1      Trashed.                                                    ;;
                                ;;      R2      Trashed.                                                    ;;
                                ;;      R3      Trashed (color).                                            ;;
                                ;;      R4      Trashed  (1 word beyond end of number string in BACKTAB).   ;;
                                ;; ======================================================================== ;;
                                PRNUM16		PROC
                                .max_width      QSET    5
                                .chr_clrmask    QSET    $FE07
                                .chr_offset     QSET    (1 SHL 3)
                                .digit_base     QSET    ('0' - ' ')
                                .lzero          QSET    (((.digit_base -  0) SHL 3) AND $FFFF)
                                .lzero_even     QSET    (((.digit_base -  1) SHL 3) AND $FFFF)
                                .lzero_odd      QSET    (((.digit_base + 10) SHL 3) AND $FFFF)

                                                ; --------------------------------------
                                                ; Left-Justified (No Padding)
                                                ; --------------------------------------
                                @@l:            BEGIN

                                                MVII    #.chr_offset,           R5      ; Initialize character advancement term

                                                ; --------------------------------------
                                                ; Find highest power of 10 to determine
                                                ; entry point to digits printing loop.
                                                ;   (The loop is unrolled for speed.)
                                                ;
                                                ;   pow = 4;
                                                ;   do {
                                                ;       if (val >= (10 ** pow--)) {
                                                ;           break;
                                                ;       }
                                                ;   } while (pow >= 0);
                                                ; --------------------------------------
                                @@__l_10_4:     CMPI    #10000, R0                      ;   if (val >= (10 ** pow--))
                                                BC      @@__pow4                        ;       break;

                                @@__l_10_3:     CMPI    #1000,  R0                      ;   if (val >= (10 ** pow--))
                                                BC      @@__fix_10_3                    ;       break;

                                @@__l_10_2:     CMPI    #100,   R0                      ;   if (val >= (10 ** pow--))
                                                BC      @@__pow2                        ;       break;

                                @@__l_10_1:     CMPI    #10,    R0                      ;   if (val >= (10 ** pow--))
                                                BC      @@__fix_10_1                    ;       break;

                                @@__l_10_0:     TSTR    R0                              ;   if (val != 0)
                                                BNZE    @@__pow0                        ;       break;
                                                B       @@__zero

                                                ; --------------------------------------
                                                ; Right-Justified: Zero-Padded
                                                ; --------------------------------------
                                @@z:            XORI    #.lzero,R3                      ; Initialize prefix to character "0" (zero).

                                                ; --------------------------------------
                                                ; Right-Justified: Blank-Padded
                                                ; --------------------------------------
                                @@b:            MOVR    R2,     R1                      ; \
                                                SUBI    #5,     R1                      ;  > Is field size greater than max width?
                                                BLE     @@__padding                     ; /     No:  Just pad field based on magnitude.
                                                                                        ;       Yes: Pad field until we reach max width.
                                                ; --------------------------------------
                                                ; Force padding until we reach max width
                                                ;   while (overflow > 0) {
                                                ;       print_at(prefix, pos++);
                                                ;       overflow--;
                                                ;   }
                                                ; --------------------------------------
                                                SUBR    R1,     R2                      ; R1 = overflow; R2 = max width
                                @@__pad_ovr:    MVO@    R3,     R4                      ; Print padding character ...
                                                DECR    R1                              ; \_ Is overflow done?
                                                BNZE    @@__pad_ovr                     ; /     No:  Continue padding.

                                @@__padding:    BEGIN

                                                MOVR    R3,     R1
                                                ANDI    #.chr_clrmask,          R3      ; Clear out prefix character
                                                MVII    #.chr_offset,           R5      ; Initialize character advancement term

                                                ADDI    #(@@__switch - 1),      R2      ; \_ Jump to entry point based on field width
                                                MVI@    R2,     PC                      ; /

                                @@__switch:     DECLE   @@__p_10_0  ; Width = 1: 10^0
                                                DECLE   @@__p_10_1  ; Width = 2: 10^1
                                                DECLE   @@__p_10_2  ; Width = 3: 10^2
                                                DECLE   @@__p_10_3  ; Width = 4: 10^3
                                                DECLE   @@__p_10_4  ; Width = 5: 10^4

                                                ; --------------------------------------
                                                ; Pad the field with prefix character
                                                ;   (The loop is unrolled for speed.)
                                                ;
                                                ;   pow = 4;  // 10^0..10^4
                                                ;   do {
                                                ;       if (val >= (10 ** pow--)) {
                                                ;           break;
                                                ;       }
                                                ;       print_at(prefix, pos++);
                                                ;   } while (pow >= 0);
                                                ; --------------------------------------
                                @@__p_10_4:     CMPI    #10000, R0                      ;   if (val >= (10 ** pow--))
                                                BC      @@__pow4                        ;       break;
                                                MVO@    R1,     R4                      ;   print_at(prefix, pos++);

                                @@__p_10_3:     CMPI    #1000,  R0                      ;   if (val >= (10 ** pow--))
                                                BC      @@__fix_10_3                    ;       break;
                                                MVO@    R1,     R4                      ;   print_at(prefix, pos++);

                                @@__p_10_2:     CMPI    #100,   R0                      ;   if (val >= (10 ** pow--))
                                                BC      @@__pow2                        ;       break;
                                                MVO@    R1,     R4                      ;   print_at(prefix, pos++);

                                @@__p_10_1:     CMPI    #10,    R0                      ;   if (val >= (10 ** pow--))
                                                BC      @@__fix_10_1                    ;       break;
                                                MVO@    R1,     R4                      ;   print_at(prefix, pos++);

                                @@__p_10_0:     TSTR    R0                              ;   if (val != 0)
                                                BNZE    @@__pow0                        ;       break;

                                                ; --------------------------------------
                                                ; Special case for when value is zero
                                                ; --------------------------------------
                                @@__zero:       XORI    #.lzero,R3                      ; Prepare formatted zero
                                                MVO@    R3,     R4                      ;       print_at(zero, pos++);
                                                RETURN

                                                ; --------------------------------------
                                                ; Adjust value of odd powers, for direct
                                                ; entry into the PRINT_NUM16() routine.
                                                ; --------------------------------------
                                @@__fix_10_1:   SUBI    #100,   R0                      ; \_ Adjust value to jump into 10^1 block
                                                B       @@__pow1                        ; /

                                @@__fix_10_3:   SUBI    #10000, R0                      ; \_ Adjust value to jump into 10^3 block
                                                B       @@__pow3                        ; /

                                                ; --------------------------------------
                                                ; Print decimal digits
                                                ; --------------------------------------

                                                ; 10^4: 10,000
                                                ; --------------------------------------
                                @@__pow4:       MVII    #.lzero_even,           R1      ; Prep GROM character.
                                                XORR    R3,     R1                      ; Mix in the STIC colors.
                                                MVII    #10000, R2

                                @@__d_10_4:     ADDR    R5,     R1
                                                SUBR    R2,     R0
                                                BC      @@__d_10_4
                                                MVO@    R1,     R4                      ; Output to BACKTAB screen buffer.

                                                ; 10^3: 1,000
                                                ; --------------------------------------
                                @@__pow3:       MVII    #.lzero_odd,            R1      ; Prep GROM character.
                                                XORR    R3,     R1                      ; Mix in the STIC colors.
                                                MVII    #1000,  R2

                                @@__d_10_3:     SUBR    R5,     R1
                                                ADDR    R2,     R0
                                                BNC     @@__d_10_3
                                                MVO@    R1,     R4                      ; Output to BACKTAB screen buffer.

                                                ; 10^2: 100
                                                ; --------------------------------------
                                @@__pow2:       MVII    #.lzero_even,           R1      ; Prep GROM character.
                                                XORR    R3,     R1                      ; Mix in the STIC colors.
                                                MVII    #100,   R2

                                @@__d_10_2:     ADDR    R5,     R1
                                                SUBR    R2,     R0
                                                BC      @@__d_10_2
                                                MVO@    R1,     R4                      ; Output to BACKTAB screen buffer.

                                                ; 10^1: 10
                                                ; --------------------------------------
                                @@__pow1:       MVII    #.lzero_odd,            R1      ; Prep GROM character.
                                                XORR    R3,     R1                      ; Mix in the STIC colors.
                                                MVII    #10,    R2

                                @@__d_10_1:     SUBR    R5,     R1
                                                ADDR    R2,     R0
                                                BNC     @@__d_10_1
                                                MVO@    R1,     R4                      ; Output to BACKTAB screen buffer.

                                                ; 10^0: 1
                                                ; --------------------------------------
                                @@__pow0:       ADDI    #.digit_base,           R0      ; Prep GROM character.
                                                SLL     R0,     2                       ; \
                                                SLL     R0,     1                       ;  > chr = ((chr << 3) ^ format);
                                                XORR    R3,     R0                      ; /
                                                MVO@    R0,     R4                      ; Output to BACKTAB screen buffer.

                                                ; All done!
                                                ; --------------------------------------
                                                RETURN

                                @@____size:     EQU     ($ - PRNUM16)
                                                ENDP

                                ;; ======================================================================== ;;
                                ;;  EOF: romseg-bs.mac                                                      ;;
                                ;; ======================================================================== ;;

                                    ENDI

                                    IF intybasic_voice
                                ;;==========================================================================;;
                                ;;  SP0256-AL2 Allophones						   ;;
                                ;;									  ;;
                                ;;  This file contains the allophone set that was obtained from an	  ;;
                                ;;  SP0256-AL2.  It is being provided for your convenience.		 ;;
                                ;;									  ;;
                                ;;  The directory "al2" contains a series of assembly files, each one       ;;
                                ;;  containing a single allophone.  This series of files may be useful in   ;;
                                ;;  situations where space is at a premium.				 ;;
                                ;;									  ;;
                                ;;  Consult the Archer SP0256-AL2 documentation (under doc/programming)     ;;
                                ;;  for more information about SP0256-AL2's allophone library.	      ;;
                                ;;									  ;;
                                ;; ------------------------------------------------------------------------ ;;
                                ;;									  ;;
                                ;;  Copyright information:						  ;;
                                ;;									  ;;
                                ;;  The allophone data below was extracted from the SP0256-AL2 ROM image.   ;;
                                ;;  The SP0256-AL2 allophones are NOT in the public domain, nor are they    ;;
                                ;;  placed under the GNU General Public License.  This program is	   ;;
                                ;;  distributed in the hope that it will be useful, but WITHOUT ANY	 ;;
                                ;;  WARRANTY; without even the implied warranty of MERCHANTABILITY or       ;;
                                ;;  FITNESS FOR A PARTICULAR PURPOSE.				       ;;
                                ;;									  ;;
                                ;;  Microchip, Inc. retains the copyright to the data and algorithms	;;
                                ;;  contained in the SP0256-AL2.  This speech data is distributed with      ;;
                                ;;  explicit permission from Microchip, Inc.  All such redistributions      ;;
                                ;;  must retain this notice of copyright.				   ;;
                                ;;									  ;;
                                ;;  No copyright claims are made on this data by the author(s) of SDK1600.  ;;
                                ;;  Please see http://spatula-city.org/~im14u2c/sp0256-al2/ for details.    ;;
                                ;;									  ;;
                                ;;==========================================================================;;

                                ;; ------------------------------------------------------------------------ ;;
0x53A4                          _AA:
53A4   0010                         DECLE   _AA.end - _AA - 1
53A5   0318 014C 016F 02CE          DECLE   $0318, $014C, $016F, $02CE, $03AF, $015F, $01B1, $008E
53A9   03AF 015F 01B1 008E 
53AD   0088 0392 01EA 024B          DECLE   $0088, $0392, $01EA, $024B, $03AA, $039B, $000F, $0000
53B1   03AA 039B 000F 0000 
0x53B5                          _AA.end:  ; 16 decles
                                ;; ------------------------------------------------------------------------ ;;
0x53B5                          _AE1:
53B5   000B                         DECLE   _AE1.end - _AE1 - 1
53B6   0118 038E 016E 01FC          DECLE   $0118, $038E, $016E, $01FC, $0149, $0043, $026F, $036E
53BA   0149 0043 026F 036E 
53BE   01CC 0005 0000               DECLE   $01CC, $0005, $0000
0x53C1                          _AE1.end:  ; 11 decles
                                ;; ------------------------------------------------------------------------ ;;
0x53C1                          _AO:
53C1   000B                         DECLE   _AO.end - _AO - 1
53C2   0018 010E 016F 0225          DECLE   $0018, $010E, $016F, $0225, $00C6, $02C4, $030F, $0160
53C6   00C6 02C4 030F 0160 
53CA   024B 0005 0000               DECLE   $024B, $0005, $0000
0x53CD                          _AO.end:  ; 11 decles
                                ;; ------------------------------------------------------------------------ ;;
0x53CD                          _AR:
53CD   0045                         DECLE   _AR.end - _AR - 1
53CE   0218 010C 016E 001E          DECLE   $0218, $010C, $016E, $001E, $000B, $0091, $032F, $00DE
53D2   000B 0091 032F 00DE 
53D6   018B 0095 0003 0238          DECLE   $018B, $0095, $0003, $0238, $0027, $01E0, $03E8, $0090
53DA   0027 01E0 03E8 0090 
53DE   0003 01C7 0020 03DE          DECLE   $0003, $01C7, $0020, $03DE, $0100, $0190, $01CA, $02AB
53E2   0100 0190 01CA 02AB 
53E6   00B7 004A 0386 0100          DECLE   $00B7, $004A, $0386, $0100, $0144, $02B6, $0024, $0320
53EA   0144 02B6 0024 0320 
53EE   0011 0041 01DF 0316          DECLE   $0011, $0041, $01DF, $0316, $014C, $016E, $001E, $00C4
53F2   014C 016E 001E 00C4 
53F6   02B2 031E 0264 02AA          DECLE   $02B2, $031E, $0264, $02AA, $019D, $01BE, $000B, $00F0
53FA   019D 01BE 000B 00F0 
53FE   006A 01CE 00D6 015B          DECLE   $006A, $01CE, $00D6, $015B, $03B5, $03E4, $0000, $0380
5402   03B5 03E4 0000 0380 
5406   0007 0312 03E8 030C          DECLE   $0007, $0312, $03E8, $030C, $016D, $02EE, $0085, $03C2
540A   016D 02EE 0085 03C2 
540E   03EC 0283 024A 0005          DECLE   $03EC, $0283, $024A, $0005, $0000
5412   0000 
0x5413                          _AR.end:  ; 69 decles
                                ;; ------------------------------------------------------------------------ ;;
0x5413                          _AW:
5413   0015                         DECLE   _AW.end - _AW - 1
5414   0010 01CE 016E 02BE          DECLE   $0010, $01CE, $016E, $02BE, $0375, $034F, $0220, $0290
5418   0375 034F 0220 0290 
541C   008A 026D 013F 01D5          DECLE   $008A, $026D, $013F, $01D5, $0316, $029F, $02E2, $018A
5420   0316 029F 02E2 018A 
5424   0170 0035 00BD 0000          DECLE   $0170, $0035, $00BD, $0000, $0000
5428   0000 
0x5429                          _AW.end:  ; 21 decles
                                ;; ------------------------------------------------------------------------ ;;
0x5429                          _AX:
5429   000B                         DECLE   _AX.end - _AX - 1
542A   0218 02CD 016F 02F5          DECLE   $0218, $02CD, $016F, $02F5, $0386, $00C2, $00CD, $0094
542E   0386 00C2 00CD 0094 
5432   010C 0005 0000               DECLE   $010C, $0005, $0000
0x5435                          _AX.end:  ; 11 decles
                                ;; ------------------------------------------------------------------------ ;;
0x5435                          _AY:
5435   0022                         DECLE   _AY.end - _AY - 1
5436   0110 038C 016E 03B7          DECLE   $0110, $038C, $016E, $03B7, $03B3, $02AF, $0221, $009E
543A   03B3 02AF 0221 009E 
543E   01AA 01B3 00BF 02E7          DECLE   $01AA, $01B3, $00BF, $02E7, $025B, $0354, $00DA, $017F
5442   025B 0354 00DA 017F 
5446   018A 03F3 00AF 02D5          DECLE   $018A, $03F3, $00AF, $02D5, $0356, $027F, $017A, $01FB
544A   0356 027F 017A 01FB 
544E   011E 01B9 03E5 029F          DECLE   $011E, $01B9, $03E5, $029F, $025A, $0076, $0148, $0124
5452   025A 0076 0148 0124 
5456   003D 0000                    DECLE   $003D, $0000
0x5458                          _AY.end:  ; 34 decles
                                ;; ------------------------------------------------------------------------ ;;
0x5458                          _BB1:
5458   0013                         DECLE   _BB1.end - _BB1 - 1
5459   0318 004C 016C 00FB          DECLE   $0318, $004C, $016C, $00FB, $00C7, $0144, $002E, $030C
545D   00C7 0144 002E 030C 
5461   010E 018C 01DC 00AB          DECLE   $010E, $018C, $01DC, $00AB, $00C9, $0268, $01F7, $021D
5465   00C9 0268 01F7 021D 
5469   01B3 0098 0000               DECLE   $01B3, $0098, $0000
0x546C                          _BB1.end:  ; 19 decles
                                ;; ------------------------------------------------------------------------ ;;
0x546C                          _BB2:
546C   0011                         DECLE   _BB2.end - _BB2 - 1
546D   00F4 0046 0062 0200          DECLE   $00F4, $0046, $0062, $0200, $0221, $03E4, $0087, $016F
5471   0221 03E4 0087 016F 
5475   02A6 02B7 0212 0326          DECLE   $02A6, $02B7, $0212, $0326, $0368, $01BF, $0338, $0196
5479   0368 01BF 0338 0196 
547D   0002                         DECLE   $0002
0x547E                          _BB2.end:  ; 17 decles
                                ;; ------------------------------------------------------------------------ ;;
0x547E                          _CH:
547E   000F                         DECLE   _CH.end - _CH - 1
547F   00F5 0146 0052 0000          DECLE   $00F5, $0146, $0052, $0000, $032A, $0049, $0032, $02F2
5483   032A 0049 0032 02F2 
5487   02A5 0000 026D 0119          DECLE   $02A5, $0000, $026D, $0119, $0124, $00F6, $0000
548B   0124 00F6 0000 
0x548E                          _CH.end:  ; 15 decles
                                ;; ------------------------------------------------------------------------ ;;
0x548E                          _DD1:
548E   000D                         DECLE   _DD1.end - _DD1 - 1
548F   0318 034C 016E 0397          DECLE   $0318, $034C, $016E, $0397, $01B9, $0020, $02B1, $008E
5493   01B9 0020 02B1 008E 
5497   0349 0291 01D8 0072          DECLE   $0349, $0291, $01D8, $0072, $0000
549B   0000 
0x549C                          _DD1.end:  ; 13 decles
                                ;; ------------------------------------------------------------------------ ;;
0x549C                          _DD2:
549C   0011                         DECLE   _DD2.end - _DD2 - 1
549D   00F4 00C6 00F2 0000          DECLE   $00F4, $00C6, $00F2, $0000, $0129, $00A6, $0246, $01F3
54A1   0129 00A6 0246 01F3 
54A5   02C6 02B7 028E 0064          DECLE   $02C6, $02B7, $028E, $0064, $0362, $01CF, $0379, $01D5
54A9   0362 01CF 0379 01D5 
54AD   0002                         DECLE   $0002
0x54AE                          _DD2.end:  ; 17 decles
                                ;; ------------------------------------------------------------------------ ;;
0x54AE                          _DH1:
54AE   0013                         DECLE   _DH1.end - _DH1 - 1
54AF   0018 034F 016D 030B          DECLE   $0018, $034F, $016D, $030B, $0306, $0363, $017E, $006A
54B3   0306 0363 017E 006A 
54B7   0164 019E 01DA 00CB          DECLE   $0164, $019E, $01DA, $00CB, $00E8, $027A, $03E8, $01D7
54BB   00E8 027A 03E8 01D7 
54BF   0173 00A1 0000               DECLE   $0173, $00A1, $0000
0x54C2                          _DH1.end:  ; 19 decles
                                ;; ------------------------------------------------------------------------ ;;
0x54C2                          _DH2:
54C2   0013                         DECLE   _DH2.end - _DH2 - 1
54C3   0119 034C 016D 030B          DECLE   $0119, $034C, $016D, $030B, $0306, $0363, $017E, $006A
54C7   0306 0363 017E 006A 
54CB   0164 019E 01DA 00CB          DECLE   $0164, $019E, $01DA, $00CB, $00E8, $027A, $03E8, $01D7
54CF   00E8 027A 03E8 01D7 
54D3   0173 00A1 0000               DECLE   $0173, $00A1, $0000
0x54D6                          _DH2.end:  ; 19 decles
                                ;; ------------------------------------------------------------------------ ;;
0x54D6                          _EH:
54D6   000B                         DECLE   _EH.end - _EH - 1
54D7   0218 02CD 016F 0105          DECLE   $0218, $02CD, $016F, $0105, $014B, $0224, $02CF, $0274
54DB   014B 0224 02CF 0274 
54DF   014C 0005 0000               DECLE   $014C, $0005, $0000
0x54E2                          _EH.end:  ; 11 decles
                                ;; ------------------------------------------------------------------------ ;;
0x54E2                          _EL:
54E2   001C                         DECLE   _EL.end - _EL - 1
54E3   0118 038D 016E 011C          DECLE   $0118, $038D, $016E, $011C, $008B, $03D2, $030F, $0262
54E7   008B 03D2 030F 0262 
54EB   006C 019D 01CC 022B          DECLE   $006C, $019D, $01CC, $022B, $0170, $0078, $03FE, $0018
54EF   0170 0078 03FE 0018 
54F3   0183 03A3 010D 016E          DECLE   $0183, $03A3, $010D, $016E, $012E, $00C6, $00C3, $0300
54F7   012E 00C6 00C3 0300 
54FB   0060 000D 0005 0000          DECLE   $0060, $000D, $0005, $0000
0x54FF                          _EL.end:  ; 28 decles
                                ;; ------------------------------------------------------------------------ ;;
0x54FF                          _ER1:
54FF   0040                         DECLE   _ER1.end - _ER1 - 1
5500   0118 034C 016E 001C          DECLE   $0118, $034C, $016E, $001C, $0089, $01C3, $034E, $03E6
5504   0089 01C3 034E 03E6 
5508   00AB 0095 0001 0000          DECLE   $00AB, $0095, $0001, $0000, $03FC, $0381, $0000, $0188
550C   03FC 0381 0000 0188 
5510   01DA 00CB 00E7 0048          DECLE   $01DA, $00CB, $00E7, $0048, $03A6, $0244, $016C, $01A8
5514   03A6 0244 016C 01A8 
5518   03E4 0000 0002 0001          DECLE   $03E4, $0000, $0002, $0001, $00FC, $01DA, $02E4, $0000
551C   00FC 01DA 02E4 0000 
5520   0002 0008 0200 0217          DECLE   $0002, $0008, $0200, $0217, $0164, $0000, $000E, $0038
5524   0164 0000 000E 0038 
5528   0014 01EA 0264 0000          DECLE   $0014, $01EA, $0264, $0000, $0002, $0048, $01EC, $02F1
552C   0002 0048 01EC 02F1 
5530   03CC 016D 021E 0048          DECLE   $03CC, $016D, $021E, $0048, $00C2, $034E, $036A, $000D
5534   00C2 034E 036A 000D 
5538   008D 000B 0200 0047          DECLE   $008D, $000B, $0200, $0047, $0022, $03A8, $0000, $0000
553C   0022 03A8 0000 0000 
0x5540                          _ER1.end:  ; 64 decles
                                ;; ------------------------------------------------------------------------ ;;
0x5540                          _ER2:
5540   0046                         DECLE   _ER2.end - _ER2 - 1
5541   0218 034C 016E 001C          DECLE   $0218, $034C, $016E, $001C, $0089, $01C3, $034E, $03E6
5545   0089 01C3 034E 03E6 
5549   00AB 0095 0001 0000          DECLE   $00AB, $0095, $0001, $0000, $03FC, $0381, $0000, $0190
554D   03FC 0381 0000 0190 
5551   01D8 00CB 00E7 0058          DECLE   $01D8, $00CB, $00E7, $0058, $01A6, $0244, $0164, $02A9
5555   01A6 0244 0164 02A9 
5559   0024 0000 0000 0007          DECLE   $0024, $0000, $0000, $0007, $0201, $02F8, $02E4, $0000
555D   0201 02F8 02E4 0000 
5561   0002 0001 00FC 02DA          DECLE   $0002, $0001, $00FC, $02DA, $0024, $0000, $0002, $0008
5565   0024 0000 0002 0008 
5569   0200 0217 0024 0000          DECLE   $0200, $0217, $0024, $0000, $000E, $0038, $0014, $03EA
556D   000E 0038 0014 03EA 
5571   03A4 0000 0002 0048          DECLE   $03A4, $0000, $0002, $0048, $01EC, $03F1, $038C, $016D
5575   01EC 03F1 038C 016D 
5579   021E 0048 00C2 034E          DECLE   $021E, $0048, $00C2, $034E, $036A, $000D, $009D, $0003
557D   036A 000D 009D 0003 
5581   0200 0047 0022 03A8          DECLE   $0200, $0047, $0022, $03A8, $0000, $0000
5585   0000 0000 
0x5587                          _ER2.end:  ; 70 decles
                                ;; ------------------------------------------------------------------------ ;;
0x5587                          _EY:
5587   001C                         DECLE   _EY.end - _EY - 1
5588   0310 038C 016E 02A7          DECLE   $0310, $038C, $016E, $02A7, $00BB, $0160, $0290, $0094
558C   00BB 0160 0290 0094 
5590   01CA 03A9 00C1 02D7          DECLE   $01CA, $03A9, $00C1, $02D7, $015B, $01D4, $03CE, $02FF
5594   015B 01D4 03CE 02FF 
5598   00EA 03E7 0041 0277          DECLE   $00EA, $03E7, $0041, $0277, $025B, $0355, $03C9, $0103
559C   025B 0355 03C9 0103 
55A0   02EA 03E4 003F 0000          DECLE   $02EA, $03E4, $003F, $0000
0x55A4                          _EY.end:  ; 28 decles
                                ;; ------------------------------------------------------------------------ ;;
0x55A4                          _FF:
55A4   0008                         DECLE   _FF.end - _FF - 1
55A5   0119 03C8 0000 00A7          DECLE   $0119, $03C8, $0000, $00A7, $0094, $0138, $01C6, $0000
55A9   0094 0138 01C6 0000 
0x55AD                          _FF.end:  ; 8 decles
                                ;; ------------------------------------------------------------------------ ;;
0x55AD                          _GG1:
55AD   0011                         DECLE   _GG1.end - _GG1 - 1
55AE   00F4 00C6 00C2 0200          DECLE   $00F4, $00C6, $00C2, $0200, $0015, $03FE, $0283, $01FD
55B2   0015 03FE 0283 01FD 
55B6   01E6 00B7 030A 0364          DECLE   $01E6, $00B7, $030A, $0364, $0331, $017F, $033D, $0215
55BA   0331 017F 033D 0215 
55BE   0002                         DECLE   $0002
0x55BF                          _GG1.end:  ; 17 decles
                                ;; ------------------------------------------------------------------------ ;;
0x55BF                          _GG2:
55BF   0011                         DECLE   _GG2.end - _GG2 - 1
55C0   00F4 0106 0072 0300          DECLE   $00F4, $0106, $0072, $0300, $0021, $0308, $0039, $0173
55C4   0021 0308 0039 0173 
55C8   00C6 00B7 037E 03A3          DECLE   $00C6, $00B7, $037E, $03A3, $0319, $0177, $0036, $0217
55CC   0319 0177 0036 0217 
55D0   0002                         DECLE   $0002
0x55D1                          _GG2.end:  ; 17 decles
                                ;; ------------------------------------------------------------------------ ;;
0x55D1                          _GG3:
55D1   0011                         DECLE   _GG3.end - _GG3 - 1
55D2   00F8 0146 00F2 0100          DECLE   $00F8, $0146, $00F2, $0100, $0132, $03A8, $0055, $01F5
55D6   0132 03A8 0055 01F5 
55DA   00A6 02B7 0291 0326          DECLE   $00A6, $02B7, $0291, $0326, $0368, $0167, $023A, $01C6
55DE   0368 0167 023A 01C6 
55E2   0002                         DECLE   $0002
0x55E3                          _GG3.end:  ; 17 decles
                                ;; ------------------------------------------------------------------------ ;;
0x55E3                          _HH1:
55E3   0014                         DECLE   _HH1.end - _HH1 - 1
55E4   0218 01C9 0000 0095          DECLE   $0218, $01C9, $0000, $0095, $0127, $0060, $01D6, $0213
55E8   0127 0060 01D6 0213 
55EC   0002 01AE 033E 01A0          DECLE   $0002, $01AE, $033E, $01A0, $03C4, $0122, $0001, $0218
55F0   03C4 0122 0001 0218 
55F4   01E4 03FD 0019 0000          DECLE   $01E4, $03FD, $0019, $0000
0x55F8                          _HH1.end:  ; 20 decles
                                ;; ------------------------------------------------------------------------ ;;
0x55F8                          _HH2:
55F8   0011                         DECLE   _HH2.end - _HH2 - 1
55F9   0218 00CB 0000 0086          DECLE   $0218, $00CB, $0000, $0086, $000F, $0240, $0182, $031A
55FD   000F 0240 0182 031A 
5601   02DB 0008 0293 0067          DECLE   $02DB, $0008, $0293, $0067, $00BD, $01E0, $0092, $000C
5605   00BD 01E0 0092 000C 
5609   0000                         DECLE   $0000
0x560A                          _HH2.end:  ; 17 decles
                                ;; ------------------------------------------------------------------------ ;;
0x560A                          _IH:
560A   000B                         DECLE   _IH.end - _IH - 1
560B   0118 02CD 016F 0205          DECLE   $0118, $02CD, $016F, $0205, $0144, $02C3, $00FE, $031A
560F   0144 02C3 00FE 031A 
5613   000D 0005 0000               DECLE   $000D, $0005, $0000
0x5616                          _IH.end:  ; 11 decles
                                ;; ------------------------------------------------------------------------ ;;
0x5616                          _IY:
5616   0030                         DECLE   _IY.end - _IY - 1
5617   0318 02CC 016F 0008          DECLE   $0318, $02CC, $016F, $0008, $030B, $01C3, $0330, $0178
561B   030B 01C3 0330 0178 
561F   002B 019D 01F6 018B          DECLE   $002B, $019D, $01F6, $018B, $01E1, $0010, $020D, $0358
5623   01E1 0010 020D 0358 
5627   015F 02A4 02CC 016F          DECLE   $015F, $02A4, $02CC, $016F, $0109, $030B, $0193, $0320
562B   0109 030B 0193 0320 
562F   017A 034C 009C 0017          DECLE   $017A, $034C, $009C, $0017, $0001, $0200, $03C1, $0020
5633   0001 0200 03C1 0020 
5637   00A7 001D 0001 0104          DECLE   $00A7, $001D, $0001, $0104, $003D, $0040, $01A7, $01CA
563B   003D 0040 01A7 01CA 
563F   018B 0160 0078 01F6          DECLE   $018B, $0160, $0078, $01F6, $0343, $01C7, $0090, $0000
5643   0343 01C7 0090 0000 
0x5647                          _IY.end:  ; 48 decles
                                ;; ------------------------------------------------------------------------ ;;
0x5647                          _JH:
5647   0019                         DECLE   _JH.end - _JH - 1
5648   0018 0149 0001 00A4          DECLE   $0018, $0149, $0001, $00A4, $0321, $0180, $01F4, $039A
564C   0321 0180 01F4 039A 
5650   02DC 023C 011A 0047          DECLE   $02DC, $023C, $011A, $0047, $0200, $0001, $018E, $034E
5654   0200 0001 018E 034E 
5658   0394 0356 02C1 010C          DECLE   $0394, $0356, $02C1, $010C, $03FD, $0129, $00B7, $01BA
565C   03FD 0129 00B7 01BA 
5660   0000                         DECLE   $0000
0x5661                          _JH.end:  ; 25 decles
                                ;; ------------------------------------------------------------------------ ;;
0x5661                          _KK1:
5661   000F                         DECLE   _KK1.end - _KK1 - 1
5662   00F4 00C6 00D2 0000          DECLE   $00F4, $00C6, $00D2, $0000, $023A, $03E0, $02D1, $02E5
5666   023A 03E0 02D1 02E5 
566A   0184 0200 0041 0210          DECLE   $0184, $0200, $0041, $0210, $0188, $00C5, $0000
566E   0188 00C5 0000 
0x5671                          _KK1.end:  ; 15 decles
                                ;; ------------------------------------------------------------------------ ;;
0x5671                          _KK2:
5671   000E                         DECLE   _KK2.end - _KK2 - 1
5672   021D 023C 0211 003C          DECLE   $021D, $023C, $0211, $003C, $0180, $024D, $0008, $032B
5676   0180 024D 0008 032B 
567A   025B 002D 01DC 01E3          DECLE   $025B, $002D, $01DC, $01E3, $007A, $0000
567E   007A 0000 
0x5680                          _KK2.end:  ; 14 decles
                                ;; ------------------------------------------------------------------------ ;;
0x5680                          _KK3:
5680   0015                         DECLE   _KK3.end - _KK3 - 1
5681   00F7 0046 01D2 0300          DECLE   $00F7, $0046, $01D2, $0300, $0131, $006C, $006E, $00F1
5685   0131 006C 006E 00F1 
5689   00E4 0000 025A 010D          DECLE   $00E4, $0000, $025A, $010D, $0110, $01F9, $014A, $0001
568D   0110 01F9 014A 0001 
5691   00B5 01A2 00D8 01CE          DECLE   $00B5, $01A2, $00D8, $01CE, $0000
5695   0000 
0x5696                          _KK3.end:  ; 21 decles
                                ;; ------------------------------------------------------------------------ ;;
0x5696                          _LL:
5696   0010                         DECLE   _LL.end - _LL - 1
5697   0318 038C 016D 029E          DECLE   $0318, $038C, $016D, $029E, $0333, $0260, $0221, $0294
569B   0333 0260 0221 0294 
569F   01C4 0299 025A 00E6          DECLE   $01C4, $0299, $025A, $00E6, $014C, $012C, $0031, $0000
56A3   014C 012C 0031 0000 
0x56A7                          _LL.end:  ; 16 decles
                                ;; ------------------------------------------------------------------------ ;;
0x56A7                          _MM:
56A7   0010                         DECLE   _MM.end - _MM - 1
56A8   0210 034D 016D 03F5          DECLE   $0210, $034D, $016D, $03F5, $00B0, $002E, $0220, $0290
56AC   00B0 002E 0220 0290 
56B0   03CE 02B6 03AA 00F3          DECLE   $03CE, $02B6, $03AA, $00F3, $00CF, $015D, $016E, $0000
56B4   00CF 015D 016E 0000 
0x56B8                          _MM.end:  ; 16 decles
                                ;; ------------------------------------------------------------------------ ;;
0x56B8                          _NG1:
56B8   0013                         DECLE   _NG1.end - _NG1 - 1
56B9   0118 03CD 016E 00DC          DECLE   $0118, $03CD, $016E, $00DC, $032F, $01BF, $01E0, $0116
56BD   032F 01BF 01E0 0116 
56C1   02AB 029A 0358 01DB          DECLE   $02AB, $029A, $0358, $01DB, $015B, $01A7, $02FD, $02B1
56C5   015B 01A7 02FD 02B1 
56C9   03D2 0356 0000               DECLE   $03D2, $0356, $0000
0x56CC                          _NG1.end:  ; 19 decles
                                ;; ------------------------------------------------------------------------ ;;
0x56CC                          _NN1:
56CC   0017                         DECLE   _NN1.end - _NN1 - 1
56CD   0318 03CD 016C 0203          DECLE   $0318, $03CD, $016C, $0203, $0306, $03C3, $015F, $0270
56D1   0306 03C3 015F 0270 
56D5   002A 009D 000D 0248          DECLE   $002A, $009D, $000D, $0248, $01B4, $0120, $01E1, $00C8
56D9   01B4 0120 01E1 00C8 
56DD   0003 0040 0000 0080          DECLE   $0003, $0040, $0000, $0080, $015F, $0006, $0000
56E1   015F 0006 0000 
0x56E4                          _NN1.end:  ; 23 decles
                                ;; ------------------------------------------------------------------------ ;;
0x56E4                          _NN2:
56E4   002B                         DECLE   _NN2.end - _NN2 - 1
56E5   0018 034D 016D 0203          DECLE   $0018, $034D, $016D, $0203, $0306, $03C3, $015F, $0270
56E9   0306 03C3 015F 0270 
56ED   002A 0095 0003 0248          DECLE   $002A, $0095, $0003, $0248, $01B4, $0120, $01E1, $0090
56F1   01B4 0120 01E1 0090 
56F5   000B 0040 0000 0080          DECLE   $000B, $0040, $0000, $0080, $015F, $019E, $01F6, $028B
56F9   015F 019E 01F6 028B 
56FD   00E0 0266 03F6 01D8          DECLE   $00E0, $0266, $03F6, $01D8, $0143, $01A8, $0024, $00C0
5701   0143 01A8 0024 00C0 
5705   0080 0000 01E6 0321          DECLE   $0080, $0000, $01E6, $0321, $0024, $0260, $000A, $0008
5709   0024 0260 000A 0008 
570D   03FE 0000 0000               DECLE   $03FE, $0000, $0000
0x5710                          _NN2.end:  ; 43 decles
                                ;; ------------------------------------------------------------------------ ;;
0x5710                          _OR2:
5710   0020                         DECLE   _OR2.end - _OR2 - 1
5711   0218 018C 016D 02A6          DECLE   $0218, $018C, $016D, $02A6, $03AB, $004F, $0301, $0390
5715   03AB 004F 0301 0390 
5719   02EA 0289 0228 0356          DECLE   $02EA, $0289, $0228, $0356, $01CF, $02D5, $0135, $007D
571D   01CF 02D5 0135 007D 
5721   02B5 02AF 024A 02E2          DECLE   $02B5, $02AF, $024A, $02E2, $0153, $0167, $0333, $02A9
5725   0153 0167 0333 02A9 
5729   02B3 039A 0351 0147          DECLE   $02B3, $039A, $0351, $0147, $03CD, $0339, $02DA, $0000
572D   03CD 0339 02DA 0000 
0x5731                          _OR2.end:  ; 32 decles
                                ;; ------------------------------------------------------------------------ ;;
0x5731                          _OW:
5731   0015                         DECLE   _OW.end - _OW - 1
5732   0310 034C 016E 02AE          DECLE   $0310, $034C, $016E, $02AE, $03B1, $00CF, $0304, $0192
5736   03B1 00CF 0304 0192 
573A   018A 022B 0041 0277          DECLE   $018A, $022B, $0041, $0277, $015B, $0395, $03D1, $0082
573E   015B 0395 03D1 0082 
5742   03CE 00B6 03BB 02DA          DECLE   $03CE, $00B6, $03BB, $02DA, $0000
5746   0000 
0x5747                          _OW.end:  ; 21 decles
                                ;; ------------------------------------------------------------------------ ;;
0x5747                          _OY:
5747   0022                         DECLE   _OY.end - _OY - 1
5748   0310 014C 016E 02A6          DECLE   $0310, $014C, $016E, $02A6, $03AF, $00CF, $0304, $0192
574C   03AF 00CF 0304 0192 
5750   03CA 01A8 007F 0155          DECLE   $03CA, $01A8, $007F, $0155, $02B4, $027F, $00E2, $036A
5754   02B4 027F 00E2 036A 
5758   031F 035D 0116 01D5          DECLE   $031F, $035D, $0116, $01D5, $02F4, $025F, $033A, $038A
575C   02F4 025F 033A 038A 
5760   014F 01B5 03D5 0297          DECLE   $014F, $01B5, $03D5, $0297, $02DA, $03F2, $0167, $0124
5764   02DA 03F2 0167 0124 
5768   03FB 0001                    DECLE   $03FB, $0001
0x576A                          _OY.end:  ; 34 decles
                                ;; ------------------------------------------------------------------------ ;;
0x576A                          _PA1:
576A   0002                         DECLE   _PA1.end - _PA1 - 1
576B   00F1 0000                    DECLE   $00F1, $0000
0x576D                          _PA1.end:  ; 2 decles
                                ;; ------------------------------------------------------------------------ ;;
0x576D                          _PA2:
576D   0002                         DECLE   _PA2.end - _PA2 - 1
576E   00F4 0000                    DECLE   $00F4, $0000
0x5770                          _PA2.end:  ; 2 decles
                                ;; ------------------------------------------------------------------------ ;;
0x5770                          _PA3:
5770   0002                         DECLE   _PA3.end - _PA3 - 1
5771   00F7 0000                    DECLE   $00F7, $0000
0x5773                          _PA3.end:  ; 2 decles
                                ;; ------------------------------------------------------------------------ ;;
0x5773                          _PA4:
5773   0002                         DECLE   _PA4.end - _PA4 - 1
5774   00FF 0000                    DECLE   $00FF, $0000
0x5776                          _PA4.end:  ; 2 decles
                                ;; ------------------------------------------------------------------------ ;;
0x5776                          _PA5:
5776   0003                         DECLE   _PA5.end - _PA5 - 1
5777   031D 003F 0000               DECLE   $031D, $003F, $0000
0x577A                          _PA5.end:  ; 3 decles
                                ;; ------------------------------------------------------------------------ ;;
0x577A                          _PP:
577A   000F                         DECLE   _PP.end - _PP - 1
577B   00FD 0106 0052 0000          DECLE   $00FD, $0106, $0052, $0000, $022A, $03A5, $0277, $035F
577F   022A 03A5 0277 035F 
5783   0184 0000 0055 0391          DECLE   $0184, $0000, $0055, $0391, $00EB, $00CF, $0000
5787   00EB 00CF 0000 
0x578A                          _PP.end:  ; 15 decles
                                ;; ------------------------------------------------------------------------ ;;
0x578A                          _RR1:
578A   0018                         DECLE   _RR1.end - _RR1 - 1
578B   0118 01CD 016C 029E          DECLE   $0118, $01CD, $016C, $029E, $0171, $038E, $01E0, $0190
578F   0171 038E 01E0 0190 
5793   0245 0299 01AA 02E2          DECLE   $0245, $0299, $01AA, $02E2, $01C7, $02DE, $0125, $00B5
5797   01C7 02DE 0125 00B5 
579B   02C5 028F 024E 035E          DECLE   $02C5, $028F, $024E, $035E, $01CB, $02EC, $0005, $0000
579F   01CB 02EC 0005 0000 
0x57A3                          _RR1.end:  ; 24 decles
                                ;; ------------------------------------------------------------------------ ;;
0x57A3                          _RR2:
57A3   0019                         DECLE   _RR2.end - _RR2 - 1
57A4   0218 03CC 016C 030C          DECLE   $0218, $03CC, $016C, $030C, $02C8, $0393, $02CD, $025E
57A8   02C8 0393 02CD 025E 
57AC   008A 019D 01AC 02CB          DECLE   $008A, $019D, $01AC, $02CB, $00BE, $0046, $017E, $01C2
57B0   00BE 0046 017E 01C2 
57B4   0174 00A1 01E5 00E0          DECLE   $0174, $00A1, $01E5, $00E0, $010E, $0007, $0313, $0017
57B8   010E 0007 0313 0017 
57BC   0000                         DECLE   $0000
0x57BD                          _RR2.end:  ; 25 decles
                                ;; ------------------------------------------------------------------------ ;;
0x57BD                          _SH:
57BD   0019                         DECLE   _SH.end - _SH - 1
57BE   0218 0109 0000 007A          DECLE   $0218, $0109, $0000, $007A, $0187, $02E0, $03F6, $0311
57C2   0187 02E0 03F6 0311 
57C6   0002 0126 0242 0161          DECLE   $0002, $0126, $0242, $0161, $03E9, $0219, $016C, $0300
57CA   03E9 0219 016C 0300 
57CE   0013 0045 0124 0005          DECLE   $0013, $0045, $0124, $0005, $024C, $005C, $0182, $03C2
57D2   024C 005C 0182 03C2 
57D6   0001                         DECLE   $0001
0x57D7                          _SH.end:  ; 25 decles
                                ;; ------------------------------------------------------------------------ ;;
0x57D7                          _SS:
57D7   0008                         DECLE   _SS.end - _SS - 1
57D8   0218 01CA 0001 0128          DECLE   $0218, $01CA, $0001, $0128, $001C, $0149, $01C6, $0000
57DC   001C 0149 01C6 0000 
0x57E0                          _SS.end:  ; 8 decles
                                ;; ------------------------------------------------------------------------ ;;
0x57E0                          _TH:
57E0   0008                         DECLE   _TH.end - _TH - 1
57E1   0019 0349 0000 00C6          DECLE   $0019, $0349, $0000, $00C6, $0212, $01D8, $01CA, $0000
57E5   0212 01D8 01CA 0000 
0x57E9                          _TH.end:  ; 8 decles
                                ;; ------------------------------------------------------------------------ ;;
0x57E9                          _TT1:
57E9   000F                         DECLE   _TT1.end - _TT1 - 1
57EA   00F6 0046 0142 0100          DECLE   $00F6, $0046, $0142, $0100, $0042, $0088, $027E, $02EF
57EE   0042 0088 027E 02EF 
57F2   01A4 0200 0049 0290          DECLE   $01A4, $0200, $0049, $0290, $00FC, $00E8, $0000
57F6   00FC 00E8 0000 
0x57F9                          _TT1.end:  ; 15 decles
                                ;; ------------------------------------------------------------------------ ;;
0x57F9                          _TT2:
57F9   0013                         DECLE   _TT2.end - _TT2 - 1
57FA   00F5 00C6 01D2 0100          DECLE   $00F5, $00C6, $01D2, $0100, $0335, $00E9, $0042, $027A
57FE   0335 00E9 0042 027A 
5802   02A4 0000 0062 01D1          DECLE   $02A4, $0000, $0062, $01D1, $014C, $03EA, $02EC, $01E0
5806   014C 03EA 02EC 01E0 
580A   0007 03A7 0000               DECLE   $0007, $03A7, $0000
0x580D                          _TT2.end:  ; 19 decles
                                ;; ------------------------------------------------------------------------ ;;
0x580D                          _UH:
580D   000B                         DECLE   _UH.end - _UH - 1
580E   0018 034E 016E 01FF          DECLE   $0018, $034E, $016E, $01FF, $0349, $00D2, $003C, $030C
5812   0349 00D2 003C 030C 
5816   008B 0005 0000               DECLE   $008B, $0005, $0000
0x5819                          _UH.end:  ; 11 decles
                                ;; ------------------------------------------------------------------------ ;;
0x5819                          _UW1:
5819   0010                         DECLE   _UW1.end - _UW1 - 1
581A   0318 014C 016F 029E          DECLE   $0318, $014C, $016F, $029E, $03BD, $03BD, $0271, $0212
581E   03BD 03BD 0271 0212 
5822   0325 0291 016A 027B          DECLE   $0325, $0291, $016A, $027B, $014A, $03B4, $0133, $0001
5826   014A 03B4 0133 0001 
0x582A                          _UW1.end:  ; 16 decles
                                ;; ------------------------------------------------------------------------ ;;
0x582A                          _UW2:
582A   0019                         DECLE   _UW2.end - _UW2 - 1
582B   0018 034E 016E 02F6          DECLE   $0018, $034E, $016E, $02F6, $0107, $02C2, $006D, $0090
582F   0107 02C2 006D 0090 
5833   03AC 01A4 01DC 03AB          DECLE   $03AC, $01A4, $01DC, $03AB, $0128, $0076, $03E6, $0119
5837   0128 0076 03E6 0119 
583B   014F 03A6 03A5 0020          DECLE   $014F, $03A6, $03A5, $0020, $0090, $0001, $02EE, $00BB
583F   0090 0001 02EE 00BB 
5843   0000                         DECLE   $0000
0x5844                          _UW2.end:  ; 25 decles
                                ;; ------------------------------------------------------------------------ ;;
0x5844                          _VV:
5844   001C                         DECLE   _VV.end - _VV - 1
5845   0218 030D 016C 010B          DECLE   $0218, $030D, $016C, $010B, $010B, $0095, $034F, $03E4
5849   010B 0095 034F 03E4 
584D   0108 01B5 01BE 028B          DECLE   $0108, $01B5, $01BE, $028B, $0160, $00AA, $03E4, $0106
5851   0160 00AA 03E4 0106 
5855   00EB 02DE 014C 016E          DECLE   $00EB, $02DE, $014C, $016E, $00F6, $0107, $00D2, $00CD
5859   00F6 0107 00D2 00CD 
585D   0296 00E4 0006 0000          DECLE   $0296, $00E4, $0006, $0000
0x5861                          _VV.end:  ; 28 decles
                                ;; ------------------------------------------------------------------------ ;;
0x5861                          _WH:
5861   001F                         DECLE   _WH.end - _WH - 1
5862   0218 00C9 0000 0084          DECLE   $0218, $00C9, $0000, $0084, $038E, $0147, $03A4, $0195
5866   038E 0147 03A4 0195 
586A   0000 012E 0118 0150          DECLE   $0000, $012E, $0118, $0150, $02D1, $0232, $01B7, $03F1
586E   02D1 0232 01B7 03F1 
5872   0237 01C8 03B1 0227          DECLE   $0237, $01C8, $03B1, $0227, $01AE, $0254, $0329, $032D
5876   01AE 0254 0329 032D 
587A   01BF 0169 019A 0307          DECLE   $01BF, $0169, $019A, $0307, $0181, $028D, $0000
587E   0181 028D 0000 
0x5881                          _WH.end:  ; 31 decles
                                ;; ------------------------------------------------------------------------ ;;
0x5881                          _WW:
5881   001C                         DECLE   _WW.end - _WW - 1
5882   0118 034D 016C 00FA          DECLE   $0118, $034D, $016C, $00FA, $02C7, $0072, $03CC, $0109
5886   02C7 0072 03CC 0109 
588A   000B 01AD 019E 016B          DECLE   $000B, $01AD, $019E, $016B, $0130, $0278, $01F8, $0314
588E   0130 0278 01F8 0314 
5892   017E 029E 014D 016D          DECLE   $017E, $029E, $014D, $016D, $0205, $0147, $02E2, $001A
5896   0205 0147 02E2 001A 
589A   010A 026E 0004 0000          DECLE   $010A, $026E, $0004, $0000
0x589E                          _WW.end:  ; 28 decles
                                ;; ------------------------------------------------------------------------ ;;
0x589E                          _XR2:
589E   002B                         DECLE   _XR2.end - _XR2 - 1
589F   0318 034C 016E 02A6          DECLE   $0318, $034C, $016E, $02A6, $03BB, $002F, $0290, $008E
58A3   03BB 002F 0290 008E 
58A7   004B 0392 01DA 024B          DECLE   $004B, $0392, $01DA, $024B, $013A, $01DA, $012F, $00B5
58AB   013A 01DA 012F 00B5 
58AF   02E5 0297 02DC 0372          DECLE   $02E5, $0297, $02DC, $0372, $014B, $016D, $0377, $00E7
58B3   014B 016D 0377 00E7 
58B7   0376 038A 01CE 026B          DECLE   $0376, $038A, $01CE, $026B, $02FA, $01AA, $011E, $0071
58BB   02FA 01AA 011E 0071 
58BF   00D5 0297 02BC 02EA          DECLE   $00D5, $0297, $02BC, $02EA, $01C7, $02D7, $0135, $0155
58C3   01C7 02D7 0135 0155 
58C7   01DD 0007 0000               DECLE   $01DD, $0007, $0000
0x58CA                          _XR2.end:  ; 43 decles
                                ;; ------------------------------------------------------------------------ ;;
0x58CA                          _YR:
58CA   001D                         DECLE   _YR.end - _YR - 1
58CB   0318 03CC 016E 0197          DECLE   $0318, $03CC, $016E, $0197, $00FD, $0130, $0270, $0094
58CF   00FD 0130 0270 0094 
58D3   0328 0291 0168 007E          DECLE   $0328, $0291, $0168, $007E, $01CC, $02F5, $0125, $02B5
58D7   01CC 02F5 0125 02B5 
58DB   00F4 0298 01DA 03F6          DECLE   $00F4, $0298, $01DA, $03F6, $0153, $0126, $03B9, $00AB
58DF   0153 0126 03B9 00AB 
58E3   0293 03DB 0175 01B9          DECLE   $0293, $03DB, $0175, $01B9, $0001
58E7   0001 
0x58E8                          _YR.end:  ; 29 decles
                                ;; ------------------------------------------------------------------------ ;;
0x58E8                          _YY1:
58E8   001D                         DECLE   _YY1.end - _YY1 - 1
58E9   0318 01CC 016E 0015          DECLE   $0318, $01CC, $016E, $0015, $00CB, $0263, $0320, $0078
58ED   00CB 0263 0320 0078 
58F1   01CE 0094 001F 0040          DECLE   $01CE, $0094, $001F, $0040, $0320, $03BF, $0230, $00A7
58F5   0320 03BF 0230 00A7 
58F9   000F 01FE 03FC 01E2          DECLE   $000F, $01FE, $03FC, $01E2, $00D0, $0089, $000F, $0248
58FD   00D0 0089 000F 0248 
5901   032B 03FD 01CF 0001          DECLE   $032B, $03FD, $01CF, $0001, $0000
5905   0000 
0x5906                          _YY1.end:  ; 29 decles
                                ;; ------------------------------------------------------------------------ ;;
0x5906                          _YY2:
5906   002B                         DECLE   _YY2.end - _YY2 - 1
5907   0318 01CC 016E 0015          DECLE   $0318, $01CC, $016E, $0015, $00CB, $0263, $0320, $0078
590B   00CB 0263 0320 0078 
590F   01CE 0094 001F 0040          DECLE   $01CE, $0094, $001F, $0040, $0320, $03BF, $0230, $00A7
5913   0320 03BF 0230 00A7 
5917   000F 01FE 03FC 01E2          DECLE   $000F, $01FE, $03FC, $01E2, $00D0, $0089, $000F, $0248
591B   00D0 0089 000F 0248 
591F   032B 03FD 01CF 0199          DECLE   $032B, $03FD, $01CF, $0199, $01EE, $008B, $0161, $0232
5923   01EE 008B 0161 0232 
5927   0004 0318 01A7 0198          DECLE   $0004, $0318, $01A7, $0198, $0124, $03E0, $0001, $0001
592B   0124 03E0 0001 0001 
592F   030F 0027 0000               DECLE   $030F, $0027, $0000
0x5932                          _YY2.end:  ; 43 decles
                                ;; ------------------------------------------------------------------------ ;;
0x5932                          _ZH:
5932   0010                         DECLE   _ZH.end - _ZH - 1
5933   0310 014D 016E 00C3          DECLE   $0310, $014D, $016E, $00C3, $03B9, $01BF, $0241, $0012
5937   03B9 01BF 0241 0012 
593B   0163 00E1 0000 0080          DECLE   $0163, $00E1, $0000, $0080, $0084, $023F, $003F, $0000
593F   0084 023F 003F 0000 
0x5943                          _ZH.end:  ; 16 decles
                                ;; ------------------------------------------------------------------------ ;;
0x5943                          _ZZ:
5943   0019                         DECLE   _ZZ.end - _ZZ - 1
5944   0218 010D 016F 0225          DECLE   $0218, $010D, $016F, $0225, $0351, $00B5, $02A0, $02EE
5948   0351 00B5 02A0 02EE 
594C   00E9 014D 002C 0360          DECLE   $00E9, $014D, $002C, $0360, $0008, $00EC, $004C, $0342
5950   0008 00EC 004C 0342 
5954   03D4 0156 0052 0131          DECLE   $03D4, $0156, $0052, $0131, $0008, $03B0, $01BE, $0172
5958   0008 03B0 01BE 0172 
595C   0000                         DECLE   $0000
0x595D                          _ZZ.end:  ; 25 decles

                                ;;==========================================================================;;
                                ;;									  ;;
                                ;;  Copyright information:						  ;;
                                ;;									  ;;
                                ;;  The above allophone data was extracted from the SP0256-AL2 ROM image.   ;;
                                ;;  The SP0256-AL2 allophones are NOT in the public domain, nor are they    ;;
                                ;;  placed under the GNU General Public License.  This program is	   ;;
                                ;;  distributed in the hope that it will be useful, but WITHOUT ANY	 ;;
                                ;;  WARRANTY; without even the implied warranty of MERCHANTABILITY or       ;;
                                ;;  FITNESS FOR A PARTICULAR PURPOSE.				       ;;
                                ;;									  ;;
                                ;;  Microchip, Inc. retains the copyright to the data and algorithms	;;
                                ;;  contained in the SP0256-AL2.  This speech data is distributed with      ;;
                                ;;  explicit permission from Microchip, Inc.  All such redistributions      ;;
                                ;;  must retain this notice of copyright.				   ;;
                                ;;									  ;;
                                ;;  No copyright claims are made on this data by the author(s) of SDK1600.  ;;
                                ;;  Please see http://spatula-city.org/~im14u2c/sp0256-al2/ for details.    ;;
                                ;;									  ;;
                                ;;==========================================================================;;

                                ;* ======================================================================== *;
                                ;*  These routines are placed into the public domain by their author.  All  *;
                                ;*  copyright rights are hereby relinquished on the routines and data in    *;
                                ;*  this file.  -- Joseph Zbiciak, 2008				     *;
                                ;* ======================================================================== *;

                                ;; ======================================================================== ;;
                                ;;  INTELLIVOICE DRIVER ROUTINES					    ;;
                                ;;  Written in 2002 by Joe Zbiciak <intvnut AT gmail.com>		   ;;
                                ;;  http://spatula-city.org/~im14u2c/intv/				  ;;
                                ;; ======================================================================== ;;

                                ;; ======================================================================== ;;
                                ;;  GLOBAL VARIABLES USED BY THESE ROUTINES				 ;;
                                ;;									  ;;
                                ;;  Note that some of these routines may use one or more global variables.  ;;
                                ;;  If you use these routines, you will need to allocate the appropriate    ;;
                                ;;  space in either 16-bit or 8-bit memory as appropriate.  Each global     ;;
                                ;;  variable is listed with the routines which use it and the required      ;;
                                ;;  memory width.							   ;;
                                ;;									  ;;
                                ;;  Example declarations for these routines are shown below, commented out. ;;
                                ;;  You should uncomment these and add them to your program to make use of  ;;
                                ;;  the routine that needs them.  Make sure to assign these variables to    ;;
                                ;;  locations that aren't used for anything else.			   ;;
                                ;; ======================================================================== ;;

                                			; Used by       Req'd Width     Description
                                			;-----------------------------------------------------
                                ;IV.QH      EQU $110    ; IV_xxx	8-bit	   Voice queue head
                                ;IV.QT      EQU $111    ; IV_xxx	8-bit	   Voice queue tail
                                ;IV.Q       EQU $112    ; IV_xxx	8-bit	   Voice queue  (8 bytes)
                                ;IV.FLEN    EQU $11A    ; IV_xxx	8-bit	   Length of FIFO data
                                ;IV.FPTR    EQU $320    ; IV_xxx	16-bit	  Current FIFO ptr.
                                ;IV.PPTR    EQU $321    ; IV_xxx	16-bit	  Current Phrase ptr.

                                ;; ======================================================================== ;;
                                ;;  MEMORY USAGE							    ;;
                                ;;									  ;;
                                ;;  These routines implement a queue of "pending phrases" that will be      ;;
                                ;;  played by the Intellivoice.  The user calls IV_PLAY to enqueue a	;;
                                ;;  phrase number.  Phrase numbers indicate either a RESROM sample or       ;;
                                ;;  a compiled in phrase to be spoken.				      ;;
                                ;;									  ;;
                                ;;  The user must compose an "IV_PHRASE_TBL", which is composed of	  ;;
                                ;;  pointers to phrases to be spoken.  Phrases are strings of pointers      ;;
                                ;;  and RESROM triggers, terminated by a NUL.			       ;;
                                ;;									  ;;
                                ;;  Phrase numbers 1 through 42 are RESROM samples.  Phrase numbers	 ;;
                                ;;  43 through 255 index into the IV_PHRASE_TBL.			    ;;
                                ;;									  ;;
                                ;;  SPECIAL NOTES							   ;;
                                ;;									  ;;
                                ;;  Bit 7 of IV.QH and IV.QT is used to denote whether the Intellivoice     ;;
                                ;;  is present.  If Intellivoice is present, this bit is clear.	     ;;
                                ;;									  ;;
                                ;;  Bit 6 of IV.QT is used to denote that we still need to do an ALD $00    ;;
                                ;;  for FIFO'd voice data.						  ;;
                                ;; ======================================================================== ;;
                                	    

                                ;; ======================================================================== ;;
                                ;;  NAME								    ;;
                                ;;      IV_INIT     Initialize the Intellivoice			     ;;
                                ;;									  ;;
                                ;;  AUTHOR								  ;;
                                ;;      Joseph Zbiciak <intvnut AT gmail.com>			       ;;
                                ;;									  ;;
                                ;;  REVISION HISTORY							;;
                                ;;      15-Sep-2002 Initial revision . . . . . . . . . . .  J. Zbiciak      ;;
                                ;;									  ;;
                                ;;  INPUTS for IV_INIT						      ;;
                                ;;      R5      Return address					      ;;
                                ;;									  ;;
                                ;;  OUTPUTS								 ;;
                                ;;      R0      0 if Intellivoice found, -1 if not.			 ;;
                                ;;									  ;;
                                ;;  DESCRIPTION							     ;;
                                ;;      Resets Intellivoice, determines if it is actually there, and	;;
                                ;;      then initializes the IV structure.				  ;;
                                ;; ------------------------------------------------------------------------ ;;
                                ;;		   Copyright (c) 2002, Joseph Zbiciak		     ;;
                                ;; ======================================================================== ;;

0x595D                          IV_INIT     PROC
595D   02B8 0400                	    MVII    #$0400, R0	  ;
595F   0240 0081                	    MVO     R0,     $0081       ; Reset the Intellivoice

5961   0280 0081                	    MVI     $0081,  R0	  ; \
5963   0054                     	    RLC     R0,     2	   ;  |-- See if we detect Intellivoice
5964   0202 000A                	    BOV     @@no_ivoice	 ; /    once we've reset it.

5966   01C0                     	    CLRR    R0		  ; 
5967   0240 033D                	    MVO     R0,     IV.FPTR     ; No data for FIFO
5969   0240 033E                	    MVO     R0,     IV.PPTR     ; No phrase being spoken
596B   0240 010C                	    MVO     R0,     IV.QH       ; Clear our queue
596D   0240 010D                	    MVO     R0,     IV.QT       ; Clear our queue
596F   00AF                     	    JR      R5		  ; Done!

0x5970                          @@no_ivoice:
5970   01C0                     	    CLRR    R0
5971   0240 033D                	    MVO     R0,     IV.FPTR     ; No data for FIFO
5973   0240 033E                	    MVO     R0,     IV.PPTR     ; No phrase being spoken
5975   0010                     	    DECR    R0
5976   0240 010C                	    MVO     R0,     IV.QH       ; Set queue to -1 ("No Intellivoice")
5978   0240 010D                	    MVO     R0,     IV.QT       ; Set queue to -1 ("No Intellivoice")
                                ;	    JR      R5		 ; Done!
597A   0220 06DA                	    B       _wait	       ; Special for IntyBASIC!
                                	    ENDP

                                ;; ======================================================================== ;;
                                ;;  NAME								    ;;
                                ;;      IV_ISR      Interrupt service routine to feed Intellivoice	  ;;
                                ;;									  ;;
                                ;;  AUTHOR								  ;;
                                ;;      Joseph Zbiciak <intvnut AT gmail.com>			       ;;
                                ;;									  ;;
                                ;;  REVISION HISTORY							;;
                                ;;      15-Sep-2002 Initial revision . . . . . . . . . . .  J. Zbiciak      ;;
                                ;;									  ;;
                                ;;  INPUTS for IV_ISR						       ;;
                                ;;      R5      Return address					      ;;
                                ;;									  ;;
                                ;;  OUTPUTS								 ;;
                                ;;      R0, R1, R4 trashed.						 ;;
                                ;;									  ;;
                                ;;  NOTES								   ;;
                                ;;      Call this from your main interrupt service routine.		 ;;
                                ;; ------------------------------------------------------------------------ ;;
                                ;;		   Copyright (c) 2002, Joseph Zbiciak		     ;;
                                ;; ======================================================================== ;;
0x597C                          IV_ISR      PROC
                                	    ;; ------------------------------------------------------------ ;;
                                	    ;;  Check for Intellivoice.  Leave if none present.	     ;;
                                	    ;; ------------------------------------------------------------ ;;
597C   0281 010D                	    MVI     IV.QT,  R1	  ; Get queue tail
597E   0045                     	    SWAP    R1,     2
597F   0203 0001                	    BPL     @@ok		; Bit 7 set? If yes: No Intellivoice
0x5981                          @@ald_busy:
5981   00AF                     @@leave     JR      R5		  ; Exit if no Intellivoice.

                                     
                                	    ;; ------------------------------------------------------------ ;;
                                	    ;;  Check to see if we pump samples into the FIFO.
                                	    ;; ------------------------------------------------------------ ;;
5982   0284 033D                @@ok:       MVI     IV.FPTR, R4	 ; Get FIFO data pointer
5984   00A4                     	    TSTR    R4		  ; is it zero?
5985   0204 0015                	    BEQ     @@no_fifodata       ; Yes:  No data for FIFO.
0x5987                          @@fifo_fill:
5987   0280 0081                	    MVI     $0081,  R0	  ; Read speech FIFO ready bit
5989   0058                     	    SLLC    R0,     1	   ; 
598A   0201 0010                	    BC      @@fifo_busy     

598C   02A0                     	    MVI@    R4,     R0	  ; Get next word
598D   0240 0081                	    MVO     R0,     $0081       ; write it to the FIFO

598F   0280 010E                	    MVI     IV.FLEN, R0	 ;\
5991   0010                     	    DECR    R0		  ; |-- Decrement our FIFO'd data length
5992   0240 010E                	    MVO     R0,     IV.FLEN     ;/
5994   0204 0004                	    BEQ     @@last_fifo	 ; If zero, we're done w/ FIFO
5996   0244 033D                	    MVO     R4,     IV.FPTR     ; Otherwise, save new pointer
5998   0220 0012                	    B       @@fifo_fill	 ; ...and keep trying to load FIFO

599A   0240 033D                @@last_fifo MVO     R0,     IV.FPTR     ; done with FIFO loading.
                                					; fall into ALD processing.


                                	    ;; ------------------------------------------------------------ ;;
                                	    ;;  Try to do an Address Load.  We do this in two settings:     ;;
                                	    ;;   -- We have no FIFO data to load.			   ;;
                                	    ;;   -- We've loaded as much FIFO data as we can, but we	;;
                                	    ;;      might have an address load command to send for it.      ;;
                                	    ;; ------------------------------------------------------------ ;;
0x599C                          @@fifo_busy:
0x599C                          @@no_fifodata:
599C   0280 0080                	    MVI     $0080,  R0	  ; Read LRQ bit from ALD register
599E   0058                     	    SLLC    R0,     1
599F   0229 001F                	    BNC     @@ald_busy	  ; LRQ is low, meaning we can't ALD.
                                					; So, leave.

                                	    ;; ------------------------------------------------------------ ;;
                                	    ;;  We can do an address load (ALD) on the SP0256.  Give FIFO   ;;
                                	    ;;  driven ALDs priority, since we already started the FIFO     ;;
                                	    ;;  load.  The "need ALD" bit is stored in bit 6 of IV.QT.      ;;
                                	    ;; ------------------------------------------------------------ ;;
59A1   03B9 0040                	    ANDI    #$40,   R1	  ; Is "Need FIFO ALD" bit set?
59A3   0204 0008                	    BEQ     @@no_fifo_ald
59A5   03C1 010D                	    XOR     IV.QT,  R1	  ;\__ Clear the "Need FIFO ALD" bit.
59A7   0241 010D                	    MVO     R1,     IV.QT       ;/
59A9   01C9                     	    CLRR    R1
59AA   0241 0080                	    MVO     R1,     $80	 ; Load a 0 into ALD (trigger FIFO rd.)
59AC   00AF                     	    JR      R5		  ; done!

                                	    ;; ------------------------------------------------------------ ;;
                                	    ;;  We don't need to ALD on behalf of the FIFO.  So, we grab    ;;
                                	    ;;  the next thing off our phrase list.			 ;;
                                	    ;; ------------------------------------------------------------ ;;
0x59AD                          @@no_fifo_ald:
59AD   0284 033E                	    MVI     IV.PPTR, R4	 ; Get phrase pointer.
59AF   00A4                     	    TSTR    R4		  ; Is it zero?
59B0   0204 0006                	    BEQ     @@next_phrase       ; Yes:  Get next phrase from queue.

59B2   02A0                     	    MVI@    R4,     R0
59B3   0080                     	    TSTR    R0		  ; Is it end of phrase?
59B4   020C 001D                	    BNEQ    @@process_phrase    ; !=0:  Go do it.

59B6   0240 033E                	    MVO     R0,     IV.PPTR     ; 
0x59B8                          @@next_phrase:
59B8   0281 010D                	    MVI     IV.QT,  R1	  ; reload queue tail (was trashed above)
59BA   0088                     	    MOVR    R1,     R0	  ; copy QT to R0 so we can increment it
59BB   03B9 0007                	    ANDI    #$7,    R1	  ; Mask away flags in queue head
59BD   0341 010C                	    CMP     IV.QH,  R1	  ; Is it same as queue tail?
59BF   0224 003F                	    BEQ     @@leave	     ; Yes:  No more speech for now.

59C1   0008                     	    INCR    R0
59C2   03B8 00F7                	    ANDI    #$F7,   R0	  ; mask away the possible 'carry'
59C4   0240 010D                	    MVO     R0,     IV.QT       ; save updated queue tail

59C6   02F9 0335                	    ADDI    #IV.Q,  R1	  ; Index into queue
59C8   028C                     	    MVI@    R1,     R4	  ; get next value from queue
59C9   037C 002B                	    CMPI    #43,    R4	  ; Is it a RESROM or Phrase?
59CB   0209 0003                	    BNC     @@play_resrom_r4
0x59CD                          @@new_phrase:
                                ;	    ADDI    #IV_PHRASE_TBL - 43, R4 ; Index into phrase table
                                ;	    MVI@    R4,     R4	  ; Read from phrase table
59CD   0244 033E                	    MVO     R4,     IV.PPTR
59CF   00AF                     	    JR      R5		  ; we'll get to this phrase next time.

0x59D0                          @@play_resrom_r4:
59D0   0244 0080                	    MVO     R4,     $0080       ; Just ALD it
59D2   00AF                     	    JR      R5		  ; and leave.

                                	    ;; ------------------------------------------------------------ ;;
                                	    ;;  We're in the middle of a phrase, so continue interpreting.  ;;
                                	    ;; ------------------------------------------------------------ ;;
0x59D3                          @@process_phrase:
                                	    
59D3   0244 033E                	    MVO     R4,     IV.PPTR     ; save new phrase pointer
59D5   0378 002B                	    CMPI    #43,    R0	  ; Is it a RESROM cue?
59D7   0201 0003                	    BC      @@play_fifo	 ; Just ALD it and leave.
0x59D9                          @@play_resrom_r0
59D9   0240 0080                	    MVO     R0,     $0080       ; Just ALD it
59DB   00AF                     	    JR      R5		  ; and leave.
0x59DC                          @@play_fifo:
59DC   0281 033D                	    MVI     IV.FPTR,R1	  ; Make sure not to stomp existing FIFO
59DE   0089                     	    TSTR    R1		  ; data.
59DF   0204 0004                	    BEQ     @@new_fifo_ok
59E1   0014                     	    DECR    R4		  ; Oops, FIFO data still playing,
59E2   0244 033E                	    MVO     R4,     IV.PPTR     ; so rewind.
59E4   00AF                     	    JR      R5		  ; and leave.

0x59E5                          @@new_fifo_ok:
59E5   0084                     	    MOVR    R0,     R4	  ;
59E6   02A0                     	    MVI@    R4,     R0	  ; Get chunk length
59E7   0240 010E                	    MVO     R0,     IV.FLEN     ; Init FIFO chunk length
59E9   0244 033D                	    MVO     R4,     IV.FPTR     ; Init FIFO pointer
59EB   0280 010D                	    MVI     IV.QT,  R0	  ;\
59ED   03F8 0040                	    XORI    #$40,   R0	  ; |- Set "Need ALD" bit in QT
59EF   0240 010D                	    MVO     R0,     IV.QT       ;/

                                  IF 1      ; debug code		;\
59F1   03B8 0040                	    ANDI    #$40,   R0	  ; |   Debug code:  We should only
59F3   020C 0001                	    BNEQ    @@qtok	      ; |-- be here if "Need FIFO ALD" 
59F5   0000                     	    HLT     ;BUG!!	      ; |   was already clear.	 
0x59F6                          @@qtok				  ;/    
                                  ENDI
59F6   00AF                     	    JR      R5		  ; leave.

                                	    ENDP


                                ;; ======================================================================== ;;
                                ;;  NAME								    ;;
                                ;;      IV_PLAY     Play a voice sample sequence.			   ;;
                                ;;									  ;;
                                ;;  AUTHOR								  ;;
                                ;;      Joseph Zbiciak <intvnut AT gmail.com>			       ;;
                                ;;									  ;;
                                ;;  REVISION HISTORY							;;
                                ;;      15-Sep-2002 Initial revision . . . . . . . . . . .  J. Zbiciak      ;;
                                ;;									  ;;
                                ;;  INPUTS for IV_PLAY						      ;;
                                ;;      R5      Invocation record, followed by return address.	      ;;
                                ;;		  1 DECLE    Phrase number to play.		       ;;
                                ;;									  ;;
                                ;;  INPUTS for IV_PLAY.1						    ;;
                                ;;      R0      Address of phrase to play.				  ;;
                                ;;      R5      Return address					      ;;
                                ;;									  ;;
                                ;;  OUTPUTS								 ;;
                                ;;      R0, R1  trashed						     ;;
                                ;;      Z==0    if item not successfully queued.			    ;;
                                ;;      Z==1    if successfully queued.				     ;;
                                ;;									  ;;
                                ;;  NOTES								   ;;
                                ;;      This code will drop phrases if the queue is full.		   ;;
                                ;;      Phrase numbers 1..42 are RESROM samples.  43..255 will index	;;
                                ;;      into the user-supplied IV_PHRASE_TBL.  43 will refer to the	 ;;
                                ;;      first entry, 44 to the second, and so on.  Phrase 0 is undefined.   ;;
                                ;;									  ;;
                                ;; ------------------------------------------------------------------------ ;;
                                ;;		   Copyright (c) 2002, Joseph Zbiciak		     ;;
                                ;; ======================================================================== ;;
0x59F7                          IV_PLAY     PROC
59F7   02A8                     	    MVI@    R5,     R0

0x59F8                          @@1:	; alternate entry point
59F8   0281 010D                	    MVI     IV.QT,  R1	  ; Get queue tail
59FA   0045                     	    SWAP    R1,     2	   ;\___ Leave if "no Intellivoice"
59FB   020B 0013                	    BMI     @@leave	     ;/    bit it set.
0x59FD                          @@ok:       
59FD   0011                     	    DECR    R1		  ;\
59FE   03B9 0007                	    ANDI    #$7,    R1	  ; |-- See if we still have room
5A00   0341 010C                	    CMP     IV.QH,  R1	  ;/
5A02   0204 000C                	    BEQ     @@leave	     ; Leave if we're full

5A04   0281 010C                @@2:	MVI     IV.QH,  R1	  ; Get our queue head pointer
5A06   0271                     	    PSHR    R1		  ;\
5A07   0009                     	    INCR    R1		  ; |
5A08   03B9 00F7                	    ANDI    #$F7,   R1	  ; |-- Increment it, removing
5A0A   0241 010C                	    MVO     R1,     IV.QH       ; |   carry but preserving flags.
5A0C   02B1                     	    PULR    R1		  ;/

5A0D   02F9 0335                	    ADDI    #IV.Q,  R1	  ;\__ Store phrase to queue
5A0F   0248                     	    MVO@    R0,     R1	  ;/

5A10   00AF                     @@leave:    JR      R5		  ; Leave.
                                	    ENDP

                                ;; ======================================================================== ;;
                                ;;  NAME								    ;;
                                ;;      IV_PLAYW    Play a voice sample sequence.  Wait for queue room.     ;;
                                ;;									  ;;
                                ;;  AUTHOR								  ;;
                                ;;      Joseph Zbiciak <intvnut AT gmail.com>			       ;;
                                ;;									  ;;
                                ;;  REVISION HISTORY							;;
                                ;;      15-Sep-2002 Initial revision . . . . . . . . . . .  J. Zbiciak      ;;
                                ;;									  ;;
                                ;;  INPUTS for IV_PLAY						      ;;
                                ;;      R5      Invocation record, followed by return address.	      ;;
                                ;;		  1 DECLE    Phrase number to play.		       ;;
                                ;;									  ;;
                                ;;  INPUTS for IV_PLAY.1						    ;;
                                ;;      R0      Address of phrase to play.				  ;;
                                ;;      R5      Return address					      ;;
                                ;;									  ;;
                                ;;  OUTPUTS								 ;;
                                ;;      R0, R1  trashed						     ;;
                                ;;									  ;;
                                ;;  NOTES								   ;;
                                ;;      This code will wait for a queue slot to open if queue is full.      ;;
                                ;;      Phrase numbers 1..42 are RESROM samples.  43..255 will index	;;
                                ;;      into the user-supplied IV_PHRASE_TBL.  43 will refer to the	 ;;
                                ;;      first entry, 44 to the second, and so on.  Phrase 0 is undefined.   ;;
                                ;;									  ;;
                                ;; ------------------------------------------------------------------------ ;;
                                ;;		   Copyright (c) 2002, Joseph Zbiciak		     ;;
                                ;; ======================================================================== ;;
0x5A11                          IV_PLAYW    PROC
5A11   02A8                     	    MVI@    R5,     R0

0x5A12                          @@1:	; alternate entry point
5A12   0281 010D                	    MVI     IV.QT,  R1	  ; Get queue tail
5A14   0045                     	    SWAP    R1,     2	   ;\___ Leave if "no Intellivoice"
5A15   022B 0006                	    BMI     IV_PLAY.leave       ;/    bit it set.
0x5A17                          @@ok:       
5A17   0011                     	    DECR    R1		  ;\
5A18   03B9 0007                	    ANDI    #$7,    R1	  ; |-- See if we still have room
5A1A   0341 010C                	    CMP     IV.QH,  R1	  ;/
5A1C   0224 000B                	    BEQ     @@1		 ; wait for room
5A1E   0220 001B                	    B       IV_PLAY.2

                                	    ENDP

                                ;; ======================================================================== ;;
                                ;;  NAME								    ;;
                                ;;      IV_HUSH     Flush the speech queue, and hush the Intellivoice.      ;;
                                ;;									  ;;
                                ;;  AUTHOR								  ;;
                                ;;      Joseph Zbiciak <intvnut AT gmail.com>			       ;;
                                ;;									  ;;
                                ;;  REVISION HISTORY							;;
                                ;;      02-Feb-2018 Initial revision . . . . . . . . . . .  J. Zbiciak      ;;
                                ;;									  ;;
                                ;;  INPUTS for IV_HUSH						      ;;
                                ;;      None.							       ;;
                                ;;									  ;;
                                ;;  OUTPUTS								 ;;
                                ;;      R0 trashed.							 ;;
                                ;;									  ;;
                                ;;  NOTES								   ;;
                                ;;      Returns via IV_WAIT.						;;
                                ;;									  ;;
                                ;; ======================================================================== ;;
0x5A20                          IV_HUSH:    PROC
5A20   0280 010C                	    MVI     IV.QH,  R0
5A22   0044                     	    SWAP    R0,     2
5A23   020B 0028                	    BMI     IV_WAIT.leave

5A25   0003                     	    DIS
                                	    ;; We can't stop a phrase segment that's being FIFOed down.
                                	    ;; We need to remember if we've committed to pushing ALD.
                                	    ;; We _can_ stop new phrase segments from going down, and _can_
                                	    ;; stop new phrases from being started.

                                	    ;; Set head pointer to indicate we've inserted one item.
5A26   0280 010C                	    MVI     IV.QH,  R0  ; Re-read, as an interrupt may have occurred
5A28   03B8 00F0                	    ANDI    #$F0,   R0
5A2A   0008                     	    INCR    R0
5A2B   0240 010C                	    MVO     R0,     IV.QH

                                	    ;; Reset tail pointer, keeping "need ALD" bit and other flags.
5A2D   0280 010D                	    MVI     IV.QT,  R0
5A2F   03B8 00F0                	    ANDI    #$F0,   R0
5A31   0240 010D                	    MVO     R0,     IV.QT

                                	    ;; Reset the phrase pointer, to stop a long phrase.
5A33   01C0                     	    CLRR    R0
5A34   0240 033E                	    MVO     R0,     IV.PPTR

                                	    ;; Queue a PA1 in the queue.  Since we're can't guarantee the user
                                	    ;; has included resrom.asm, let's just use the raw number (5).
5A36   02B8 0005                	    MVII    #5,     R0
5A38   0240 0335                	    MVO     R0,     IV.Q

                                	    ;; Re-enable interrupts and wait for Intellivoice to shut up.
                                	    ;;
                                	    ;; We can't just jump to IV_WAIT.q_loop, as we need to reload
                                	    ;; IV.QH into R0, and I'm really committed to only using R0.
                                ;	   JE      IV_WAIT
5A3A   0002                     	    EIS
                                	    ; fallthrough into IV_WAIT
                                	    ENDP

                                ;; ======================================================================== ;;
                                ;;  NAME								    ;;
                                ;;      IV_WAIT     Wait for voice queue to empty.			  ;;
                                ;;									  ;;
                                ;;  AUTHOR								  ;;
                                ;;      Joseph Zbiciak <intvnut AT gmail.com>			       ;;
                                ;;									  ;;
                                ;;  REVISION HISTORY							;;
                                ;;      15-Sep-2002 Initial revision . . . . . . . . . . .  J. Zbiciak      ;;
                                ;;									  ;;
                                ;;  INPUTS for IV_WAIT						      ;;
                                ;;      R5      Return address					      ;;
                                ;;									  ;;
                                ;;  OUTPUTS								 ;;
                                ;;      R0      trashed.						    ;;
                                ;;									  ;;
                                ;;  NOTES								   ;;
                                ;;      This waits until the Intellivoice is nearly completely quiescent.   ;;
                                ;;      Some voice data may still be spoken from the last triggered	 ;;
                                ;;      phrase.  To truly wait for *that* to be spoken, speak a 'pause'     ;;
                                ;;      (eg. RESROM.pa1) and then call IV_WAIT.			     ;;
                                ;; ------------------------------------------------------------------------ ;;
                                ;;		   Copyright (c) 2002, Joseph Zbiciak		     ;;
                                ;; ======================================================================== ;;
0x5A3B                          IV_WAIT     PROC
5A3B   0280 010C                	    MVI     IV.QH,  R0
5A3D   0378 0080                	    CMPI    #$80, R0	    ; test bit 7, leave if set.
5A3F   0201 000C                	    BC      @@leave

                                	    ; Wait for queue to drain.
5A41   0340 010D                @@q_loop:   CMP     IV.QT,  R0
5A43   022C 0003                	    BNEQ    @@q_loop

                                	    ; Wait for FIFO and LRQ to say ready.
5A45   0280 0081                @@s_loop:   MVI     $81,    R0	  ; Read FIFO status.  0 == ready.
5A47   0018                     	    COMR    R0
5A48   0380 0080                	    AND     $80,    R0	  ; Merge w/ ALD status.  1 == ready
5A4A   0080                     	    TSTR    R0
5A4B   0223 0007                	    BPL     @@s_loop	    ; if bit 15 == 0, not ready.
                                	    
5A4D   00AF                     @@leave:    JR      R5
                                	    ENDP

                                ;; ======================================================================== ;;
                                ;;  End of File:  ivoice.asm						;;
                                ;; ======================================================================== ;;

                                ;* ======================================================================== *;
                                ;*  These routines are placed into the public domain by their author.  All  *;
                                ;*  copyright rights are hereby relinquished on the routines and data in    *;
                                ;*  this file.  -- Joseph Zbiciak, 2008				     *;
                                ;* ======================================================================== *;

                                ;; ======================================================================== ;;
                                ;;  NAME								    ;;
                                ;;      IV_SAYNUM16 Say a 16-bit unsigned number using RESROM digits	;;
                                ;;									  ;;
                                ;;  AUTHOR								  ;;
                                ;;      Joseph Zbiciak <intvnut AT gmail.com>			       ;;
                                ;;									  ;;
                                ;;  REVISION HISTORY							;;
                                ;;      16-Sep-2002 Initial revision . . . . . . . . . . .  J. Zbiciak      ;;
                                ;;									  ;;
                                ;;  INPUTS for IV_SAYNUM16						  ;;
                                ;;      R0      Number to "speak"					   ;;
                                ;;      R5      Return address					      ;;
                                ;;									  ;;
                                ;;  OUTPUTS								 ;;
                                ;;									  ;;
                                ;;  DESCRIPTION							     ;;
                                ;;      "Says" a 16-bit number using IV_PLAYW to queue up the phrase.       ;;
                                ;;      Because the number may be built from several segments, it could     ;;
                                ;;      easily eat up the queue.  I believe the longest number will take    ;;
                                ;;      7 queue entries -- that is, fill the queue.  Thus, this code	;;
                                ;;      could block, waiting for slots in the queue.			;;
                                ;; ======================================================================== ;;

0x5A4E                          IV_SAYNUM16 PROC
5A4E   0275                     	    PSHR    R5

5A4F   0080                     	    TSTR    R0
5A50   0204 0045                	    BEQ     @@zero	  ; Special case:  Just say "zero"

                                	    ;; ------------------------------------------------------------ ;;
                                	    ;;  First, try to pull off 'thousands'.  We call ourselves      ;;
                                	    ;;  recursively to play the the number of thousands.	    ;;
                                	    ;; ------------------------------------------------------------ ;;
5A52   01C9                     	    CLRR    R1
5A53   0009                     @@thloop:   INCR    R1
5A54   0338 03E8                	    SUBI    #1000,  R0
5A56   0221 0004                	    BC      @@thloop

5A58   02F8 03E8                	    ADDI    #1000,  R0
5A5A   0270                     	    PSHR    R0
5A5B   0011                     	    DECR    R1
5A5C   0204 0007                	    BEQ     @@no_thousand

5A5E   0004 0158 027E           	    CALL    IV_SAYNUM16.recurse

5A61   0004 0158 0211           	    CALL    IV_PLAYW
5A64   0024                     	    DECLE   36  ; THOUSAND
                                	    
0x5A65                          @@no_thousand
5A65   02B1                     	    PULR    R1

                                	    ;; ------------------------------------------------------------ ;;
                                	    ;;  Now try to play hundreds.				   ;;
                                	    ;; ------------------------------------------------------------ ;;
5A66   02B8 0006                	    MVII    #7-1, R0    ; ZERO
5A68   0379 0064                	    CMPI    #100,   R1
5A6A   0209 0013                	    BNC     @@no_hundred

5A6C   0008                     @@hloop:    INCR    R0
5A6D   0339 0064                	    SUBI    #100,   R1
5A6F   0221 0004                	    BC      @@hloop
5A71   02F9 0064                	    ADDI    #100,   R1

5A73   0271                     	    PSHR    R1

5A74   0004 0158 0212           	    CALL    IV_PLAYW.1

5A77   0004 0158 0211           	    CALL    IV_PLAYW
5A7A   0023                     	    DECLE   35  ; HUNDRED

5A7B   02B1                     	    PULR    R1
5A7C   0200 0001                	    B       @@notrecurse    ; skip "PSHR R5"
5A7E   0275                     @@recurse:  PSHR    R5	      ; recursive entry point for 'thousand'

0x5A7F                          @@no_hundred:
0x5A7F                          @@notrecurse:
5A7F   0088                     	    MOVR    R1,     R0
5A80   0204 001A                	    BEQ     @@leave

5A82   0339 0014                	    SUBI    #20,    R1
5A84   0209 0011                	    BNC     @@teens

5A86   02B8 001A                	    MVII    #27-1, R0   ; TWENTY
5A88   0008                     @@tyloop    INCR    R0
5A89   0339 000A                	    SUBI    #10,    R1
5A8B   0221 0004                	    BC      @@tyloop
5A8D   02F9 000A                	    ADDI    #10,    R1

5A8F   0271                     	    PSHR    R1
5A90   0004 0158 0212           	    CALL    IV_PLAYW.1

5A93   02B0                     	    PULR    R0
5A94   0080                     	    TSTR    R0
5A95   0204 0005                	    BEQ     @@leave

0x5A97                          @@teens:
5A97   02F8 0007                @@zero:     ADDI    #7, R0  ; ZERO

5A99   0004 0158 0212           	    CALL    IV_PLAYW.1

5A9C   02B7                     @@leave     PULR    PC
                                	    ENDP

                                ;; ======================================================================== ;;
                                ;;  End of File:  saynum16.asm					      ;;
                                ;; ======================================================================== ;;

0x595D                          IV_INIT_and_wait:     EQU IV_INIT

                                    ELSE

                                IV_INIT_and_wait:     EQU _wait	; No voice init; just WAIT.

                                    ENDI

                                	IF intybasic_flash

                                ;; ======================================================================== ;;
                                ;;  JLP "Save Game" support						 ;;
                                ;; ======================================================================== ;;
                                JF.first    EQU     $8023
                                JF.last     EQU     $8024
                                JF.addr     EQU     $8025
                                JF.row      EQU     $8026
                                		   
                                JF.wrcmd    EQU     $802D
                                JF.rdcmd    EQU     $802E
                                JF.ercmd    EQU     $802F
                                JF.wrkey    EQU     $C0DE
                                JF.rdkey    EQU     $DEC0
                                JF.erkey    EQU     $BEEF

                                JF.write:   DECLE   JF.wrcmd,   JF.wrkey    ; Copy JLP RAM to flash row  
                                JF.read:    DECLE   JF.rdcmd,   JF.rdkey    ; Copy flash row to JLP RAM  
                                JF.erase:   DECLE   JF.ercmd,   JF.erkey    ; Erase flash sector 

                                ;; ======================================================================== ;;
                                ;;  JF.INIT	 Copy JLP save-game support routine to System RAM	;;
                                ;; ======================================================================== ;;
                                JF.INIT     PROC
                                	    PSHR    R5	    
                                	    MVII    #@@__code,  R5
                                	    MVII    #JF.SYSRAM, R4
                                	    REPEAT  5       
                                	    MVI@    R5,	 R0      ; \_ Copy code fragment to System RAM
                                	    MVO@    R0,	 R4      ; /
                                	    ENDR
                                	    PULR    PC

                                	    ;; === start of code that will run from RAM
                                @@__code:   MVO@    R0,	 R1      ; JF.SYSRAM + 0: initiate command
                                	    ADD@    R1,	 PC      ; JF.SYSRAM + 1: Wait for JLP to return
                                	    JR      R5		  ; JF.SYSRAM + 2:
                                	    MVO@    R2,	 R2      ; JF.SYSRAM + 3: \__ simple ISR
                                	    JR      R5		  ; JF.SYSRAM + 4: /
                                	    ;; === end of code that will run from RAM
                                	    ENDP

                                ;; ======================================================================== ;;
                                ;;  JF.CMD	  Issue a JLP Flash command			       ;;
                                ;;									  ;;
                                ;;  INPUT								   ;;
                                ;;      R0  Slot number to operate on				       ;;
                                ;;      R1  Address to copy to/from in JLP RAM			      ;;
                                ;;      @R5 Command to invoke:					      ;;
                                ;;									  ;;
                                ;;	      JF.write -- Copy JLP RAM to Flash			   ;;
                                ;;	      JF.read  -- Copy Flash to JLP RAM			   ;;
                                ;;	      JF.erase -- Erase flash sector			      ;;
                                ;;									  ;;
                                ;;  OUTPUT								  ;;
                                ;;      R0 - R4 not modified.  (Saved and restored across call)	     ;;
                                ;;      JLP command executed						;;
                                ;;									  ;;
                                ;;  NOTES								   ;;
                                ;;      This code requires two short routines in the console's System RAM.  ;;
                                ;;      It also requires that the system stack reside in System RAM.	;;
                                ;;      Because an interrupt may occur during the code's execution, there   ;;
                                ;;      must be sufficient stack space to service the interrupt (8 words).  ;;
                                ;;									  ;;
                                ;;      The code also relies on the fact that the EXEC ISR dispatch does    ;;
                                ;;      not modify R2.  This allows us to initialize R2 for the ISR ahead   ;;
                                ;;      of time, rather than in the ISR.				    ;;
                                ;; ======================================================================== ;;
                                JF.CMD      PROC

                                	    MVO     R4,	 JF.SV.R4    ; \
                                	    MVII    #JF.SV.R0,  R4	  ;  |
                                	    MVO@    R0,	 R4	  ;  |- Save registers, but not on
                                	    MVO@    R1,	 R4	  ;  |  the stack.  (limit stack use)
                                	    MVO@    R2,	 R4	  ; /

                                	    MVI@    R5,	 R4	  ; Get command to invoke

                                	    MVO     R5,	 JF.SV.R5    ; save return address

                                	    DIS
                                	    MVO     R1,	 JF.addr     ; \_ Save SG arguments in JLP
                                	    MVO     R0,	 JF.row      ; /
                                					  
                                	    MVI@    R4,	 R1	  ; Get command address
                                	    MVI@    R4,	 R0	  ; Get unlock word
                                					  
                                	    MVII    #$100,      R4	  ; \
                                	    SDBD			    ;  |_ Save old ISR in save area
                                	    MVI@    R4,	 R2	  ;  |
                                	    MVO     R2,	 JF.SV.ISR   ; /
                                					  
                                	    MVII    #JF.SYSRAM + 3, R2      ; \
                                	    MVO     R2,	 $100	;  |_ Set up new ISR in RAM
                                	    SWAP    R2		      ;  |
                                	    MVO     R2,	 $101	; / 
                                					  
                                	    MVII    #$20,       R2	  ; Address of STIC handshake
                                	    JSRE    R5,  JF.SYSRAM	  ; Invoke the command
                                					  
                                	    MVI     JF.SV.ISR,  R2	  ; \
                                	    MVO     R2,	 $100	;  |_ Restore old ISR 
                                	    SWAP    R2		      ;  |
                                	    MVO     R2,	 $101	; /
                                					  
                                	    MVII    #JF.SV.R0,  R5	  ; \
                                	    MVI@    R5,	 R0	  ;  |
                                	    MVI@    R5,	 R1	  ;  |- Restore registers
                                	    MVI@    R5,	 R2	  ;  |
                                	    MVI@    R5,	 R4	  ; /
                                	    MVI@    R5,	 PC	  ; Return

                                	    ENDP


                                	ENDI

                                	IF intybasic_fastmult

                                ; Quarter Square Multiplication
                                ; Assembly code by Joe Zbiciak, 2015
                                ; Released to public domain.

                                QSQR8_TBL:  PROC
                                	    DECLE   $3F80, $3F01, $3E82, $3E04, $3D86, $3D09, $3C8C, $3C10
                                	    DECLE   $3B94, $3B19, $3A9E, $3A24, $39AA, $3931, $38B8, $3840
                                	    DECLE   $37C8, $3751, $36DA, $3664, $35EE, $3579, $3504, $3490
                                	    DECLE   $341C, $33A9, $3336, $32C4, $3252, $31E1, $3170, $3100
                                	    DECLE   $3090, $3021, $2FB2, $2F44, $2ED6, $2E69, $2DFC, $2D90
                                	    DECLE   $2D24, $2CB9, $2C4E, $2BE4, $2B7A, $2B11, $2AA8, $2A40
                                	    DECLE   $29D8, $2971, $290A, $28A4, $283E, $27D9, $2774, $2710
                                	    DECLE   $26AC, $2649, $25E6, $2584, $2522, $24C1, $2460, $2400
                                	    DECLE   $23A0, $2341, $22E2, $2284, $2226, $21C9, $216C, $2110
                                	    DECLE   $20B4, $2059, $1FFE, $1FA4, $1F4A, $1EF1, $1E98, $1E40
                                	    DECLE   $1DE8, $1D91, $1D3A, $1CE4, $1C8E, $1C39, $1BE4, $1B90
                                	    DECLE   $1B3C, $1AE9, $1A96, $1A44, $19F2, $19A1, $1950, $1900
                                	    DECLE   $18B0, $1861, $1812, $17C4, $1776, $1729, $16DC, $1690
                                	    DECLE   $1644, $15F9, $15AE, $1564, $151A, $14D1, $1488, $1440
                                	    DECLE   $13F8, $13B1, $136A, $1324, $12DE, $1299, $1254, $1210
                                	    DECLE   $11CC, $1189, $1146, $1104, $10C2, $1081, $1040, $1000
                                	    DECLE   $0FC0, $0F81, $0F42, $0F04, $0EC6, $0E89, $0E4C, $0E10
                                	    DECLE   $0DD4, $0D99, $0D5E, $0D24, $0CEA, $0CB1, $0C78, $0C40
                                	    DECLE   $0C08, $0BD1, $0B9A, $0B64, $0B2E, $0AF9, $0AC4, $0A90
                                	    DECLE   $0A5C, $0A29, $09F6, $09C4, $0992, $0961, $0930, $0900
                                	    DECLE   $08D0, $08A1, $0872, $0844, $0816, $07E9, $07BC, $0790
                                	    DECLE   $0764, $0739, $070E, $06E4, $06BA, $0691, $0668, $0640
                                	    DECLE   $0618, $05F1, $05CA, $05A4, $057E, $0559, $0534, $0510
                                	    DECLE   $04EC, $04C9, $04A6, $0484, $0462, $0441, $0420, $0400
                                	    DECLE   $03E0, $03C1, $03A2, $0384, $0366, $0349, $032C, $0310
                                	    DECLE   $02F4, $02D9, $02BE, $02A4, $028A, $0271, $0258, $0240
                                	    DECLE   $0228, $0211, $01FA, $01E4, $01CE, $01B9, $01A4, $0190
                                	    DECLE   $017C, $0169, $0156, $0144, $0132, $0121, $0110, $0100
                                	    DECLE   $00F0, $00E1, $00D2, $00C4, $00B6, $00A9, $009C, $0090
                                	    DECLE   $0084, $0079, $006E, $0064, $005A, $0051, $0048, $0040
                                	    DECLE   $0038, $0031, $002A, $0024, $001E, $0019, $0014, $0010
                                	    DECLE   $000C, $0009, $0006, $0004, $0002, $0001, $0000
                                @@mid:
                                	    DECLE   $0000, $0000, $0001, $0002, $0004, $0006, $0009, $000C
                                	    DECLE   $0010, $0014, $0019, $001E, $0024, $002A, $0031, $0038
                                	    DECLE   $0040, $0048, $0051, $005A, $0064, $006E, $0079, $0084
                                	    DECLE   $0090, $009C, $00A9, $00B6, $00C4, $00D2, $00E1, $00F0
                                	    DECLE   $0100, $0110, $0121, $0132, $0144, $0156, $0169, $017C
                                	    DECLE   $0190, $01A4, $01B9, $01CE, $01E4, $01FA, $0211, $0228
                                	    DECLE   $0240, $0258, $0271, $028A, $02A4, $02BE, $02D9, $02F4
                                	    DECLE   $0310, $032C, $0349, $0366, $0384, $03A2, $03C1, $03E0
                                	    DECLE   $0400, $0420, $0441, $0462, $0484, $04A6, $04C9, $04EC
                                	    DECLE   $0510, $0534, $0559, $057E, $05A4, $05CA, $05F1, $0618
                                	    DECLE   $0640, $0668, $0691, $06BA, $06E4, $070E, $0739, $0764
                                	    DECLE   $0790, $07BC, $07E9, $0816, $0844, $0872, $08A1, $08D0
                                	    DECLE   $0900, $0930, $0961, $0992, $09C4, $09F6, $0A29, $0A5C
                                	    DECLE   $0A90, $0AC4, $0AF9, $0B2E, $0B64, $0B9A, $0BD1, $0C08
                                	    DECLE   $0C40, $0C78, $0CB1, $0CEA, $0D24, $0D5E, $0D99, $0DD4
                                	    DECLE   $0E10, $0E4C, $0E89, $0EC6, $0F04, $0F42, $0F81, $0FC0
                                	    DECLE   $1000, $1040, $1081, $10C2, $1104, $1146, $1189, $11CC
                                	    DECLE   $1210, $1254, $1299, $12DE, $1324, $136A, $13B1, $13F8
                                	    DECLE   $1440, $1488, $14D1, $151A, $1564, $15AE, $15F9, $1644
                                	    DECLE   $1690, $16DC, $1729, $1776, $17C4, $1812, $1861, $18B0
                                	    DECLE   $1900, $1950, $19A1, $19F2, $1A44, $1A96, $1AE9, $1B3C
                                	    DECLE   $1B90, $1BE4, $1C39, $1C8E, $1CE4, $1D3A, $1D91, $1DE8
                                	    DECLE   $1E40, $1E98, $1EF1, $1F4A, $1FA4, $1FFE, $2059, $20B4
                                	    DECLE   $2110, $216C, $21C9, $2226, $2284, $22E2, $2341, $23A0
                                	    DECLE   $2400, $2460, $24C1, $2522, $2584, $25E6, $2649, $26AC
                                	    DECLE   $2710, $2774, $27D9, $283E, $28A4, $290A, $2971, $29D8
                                	    DECLE   $2A40, $2AA8, $2B11, $2B7A, $2BE4, $2C4E, $2CB9, $2D24
                                	    DECLE   $2D90, $2DFC, $2E69, $2ED6, $2F44, $2FB2, $3021, $3090
                                	    DECLE   $3100, $3170, $31E1, $3252, $32C4, $3336, $33A9, $341C
                                	    DECLE   $3490, $3504, $3579, $35EE, $3664, $36DA, $3751, $37C8
                                	    DECLE   $3840, $38B8, $3931, $39AA, $3A24, $3A9E, $3B19, $3B94
                                	    DECLE   $3C10, $3C8C, $3D09, $3D86, $3E04, $3E82, $3F01, $3F80
                                	    DECLE   $4000, $4080, $4101, $4182, $4204, $4286, $4309, $438C
                                	    DECLE   $4410, $4494, $4519, $459E, $4624, $46AA, $4731, $47B8
                                	    DECLE   $4840, $48C8, $4951, $49DA, $4A64, $4AEE, $4B79, $4C04
                                	    DECLE   $4C90, $4D1C, $4DA9, $4E36, $4EC4, $4F52, $4FE1, $5070
                                	    DECLE   $5100, $5190, $5221, $52B2, $5344, $53D6, $5469, $54FC
                                	    DECLE   $5590, $5624, $56B9, $574E, $57E4, $587A, $5911, $59A8
                                	    DECLE   $5A40, $5AD8, $5B71, $5C0A, $5CA4, $5D3E, $5DD9, $5E74
                                	    DECLE   $5F10, $5FAC, $6049, $60E6, $6184, $6222, $62C1, $6360
                                	    DECLE   $6400, $64A0, $6541, $65E2, $6684, $6726, $67C9, $686C
                                	    DECLE   $6910, $69B4, $6A59, $6AFE, $6BA4, $6C4A, $6CF1, $6D98
                                	    DECLE   $6E40, $6EE8, $6F91, $703A, $70E4, $718E, $7239, $72E4
                                	    DECLE   $7390, $743C, $74E9, $7596, $7644, $76F2, $77A1, $7850
                                	    DECLE   $7900, $79B0, $7A61, $7B12, $7BC4, $7C76, $7D29, $7DDC
                                	    DECLE   $7E90, $7F44, $7FF9, $80AE, $8164, $821A, $82D1, $8388
                                	    DECLE   $8440, $84F8, $85B1, $866A, $8724, $87DE, $8899, $8954
                                	    DECLE   $8A10, $8ACC, $8B89, $8C46, $8D04, $8DC2, $8E81, $8F40
                                	    DECLE   $9000, $90C0, $9181, $9242, $9304, $93C6, $9489, $954C
                                	    DECLE   $9610, $96D4, $9799, $985E, $9924, $99EA, $9AB1, $9B78
                                	    DECLE   $9C40, $9D08, $9DD1, $9E9A, $9F64, $A02E, $A0F9, $A1C4
                                	    DECLE   $A290, $A35C, $A429, $A4F6, $A5C4, $A692, $A761, $A830
                                	    DECLE   $A900, $A9D0, $AAA1, $AB72, $AC44, $AD16, $ADE9, $AEBC
                                	    DECLE   $AF90, $B064, $B139, $B20E, $B2E4, $B3BA, $B491, $B568
                                	    DECLE   $B640, $B718, $B7F1, $B8CA, $B9A4, $BA7E, $BB59, $BC34
                                	    DECLE   $BD10, $BDEC, $BEC9, $BFA6, $C084, $C162, $C241, $C320
                                	    DECLE   $C400, $C4E0, $C5C1, $C6A2, $C784, $C866, $C949, $CA2C
                                	    DECLE   $CB10, $CBF4, $CCD9, $CDBE, $CEA4, $CF8A, $D071, $D158
                                	    DECLE   $D240, $D328, $D411, $D4FA, $D5E4, $D6CE, $D7B9, $D8A4
                                	    DECLE   $D990, $DA7C, $DB69, $DC56, $DD44, $DE32, $DF21, $E010
                                	    DECLE   $E100, $E1F0, $E2E1, $E3D2, $E4C4, $E5B6, $E6A9, $E79C
                                	    DECLE   $E890, $E984, $EA79, $EB6E, $EC64, $ED5A, $EE51, $EF48
                                	    DECLE   $F040, $F138, $F231, $F32A, $F424, $F51E, $F619, $F714
                                	    DECLE   $F810, $F90C, $FA09, $FB06, $FC04, $FD02, $FE01
                                	    ENDP

                                ; R0 = R0 * R1, where R0 and R1 are unsigned 8-bit values
                                ; Destroys R1, R4
                                qs_mpy8:    PROC
                                	    MOVR    R0,	     R4      ;   6
                                	    ADDI    #QSQR8_TBL.mid, R1      ;   8
                                	    ADDR    R1,	     R4      ;   6   a + b
                                	    SUBR    R0,	     R1      ;   6   a - b
                                @@ok:       MVI@    R4,	     R0      ;   8
                                	    SUB@    R1,	     R0      ;   8
                                	    JR      R5		      ;   7
                                					    ;----
                                					    ;  49
                                	    ENDP
                                	    

                                ; R1 = R0 * R1, where R0 and R1 are 16-bit values
                                ; destroys R0, R2, R3, R4, R5
                                qs_mpy16:   PROC
                                	    PSHR    R5		  ;   9
                                				   
                                	    ; Unpack lo/hi
                                	    MOVR    R0,	 R2      ;   6   
                                	    ANDI    #$FF,       R0      ;   8   R0 is lo(a)
                                	    XORR    R0,	 R2      ;   6   
                                	    SWAP    R2		  ;   6   R2 is hi(a)

                                	    MOVR    R1,	 R3      ;   6   R3 is orig 16-bit b
                                	    ANDI    #$FF,       R1      ;   8   R1 is lo(b)
                                	    MOVR    R1,	 R5      ;   6   R5 is lo(b)
                                	    XORR    R1,	 R3      ;   6   
                                	    SWAP    R3		  ;   6   R3 is hi(b)
                                					;----
                                					;  67
                                					
                                	    ; lo * lo		   
                                	    MOVR    R0,	 R4      ;   6   R4 is lo(a)
                                	    ADDI    #QSQR8_TBL.mid, R1  ;   8
                                	    ADDR    R1,	 R4      ;   6   R4 = lo(a) + lo(b)
                                	    SUBR    R0,	 R1      ;   6   R1 = lo(a) - lo(b)
                                					
                                @@pos_ll:   MVI@    R4,	 R4      ;   8   R4 = qstbl[lo(a)+lo(b)]
                                	    SUB@    R1,	 R4      ;   8   R4 = lo(a)*lo(b)
                                					;----
                                					;  42
                                					;  67 (carried forward)
                                					;----
                                					; 109
                                				       
                                	    ; lo * hi		  
                                	    MOVR    R0,	 R1      ;   6   R0 = R1 = lo(a)
                                	    ADDI    #QSQR8_TBL.mid, R3  ;   8
                                	    ADDR    R3,	 R1      ;   6   R1 = hi(b) + lo(a)
                                	    SUBR    R0,	 R3      ;   6   R3 = hi(b) - lo(a)
                                				       
                                @@pos_lh:   MVI@    R1,	 R1      ;   8   R1 = qstbl[hi(b)-lo(a)]
                                	    SUB@    R3,	 R1      ;   8   R1 = lo(a)*hi(b)
                                					;----
                                					;  42
                                					; 109 (carried forward)
                                					;----
                                					; 151
                                				       
                                	    ; hi * lo		  
                                	    MOVR    R5,	 R0      ;   6   R5 = R0 = lo(b)
                                	    ADDI    #QSQR8_TBL.mid, R2  ;   8
                                	    ADDR    R2,	 R5      ;   6   R3 = hi(a) + lo(b)
                                	    SUBR    R0,	 R2      ;   6   R2 = hi(a) - lo(b)
                                				       
                                @@pos_hl:   ADD@    R5,	 R1      ;   8   \_ R1 = lo(a)*hi(b)+hi(a)*lo(b)
                                	    SUB@    R2,	 R1      ;   8   /
                                					;----
                                					;  42
                                					; 151 (carried forward)
                                					;----
                                					; 193
                                				       
                                	    SWAP    R1		  ;   6   \_ shift upper product left 8
                                	    ANDI    #$FF00,     R1      ;   8   /
                                	    ADDR    R4,	 R1      ;   6   final product
                                	    PULR    PC		  ;  12
                                					;----
                                					;  32
                                					; 193 (carried forward)
                                					;----
                                					; 225
                                	    ENDP

                                	ENDI

                                	IF intybasic_fastdiv

                                ; Fast unsigned division/remainder
                                ; Assembly code by Oscar Toledo G. Jul/10/2015
                                ; Released to public domain.

                                	; Ultrafast unsigned division/remainder operation
                                	; Entry: R0 = Dividend
                                	;	R1 = Divisor
                                	; Output: R0 = Quotient
                                	;	 R2 = Remainder
                                	; Worst case: 6 + 6 + 9 + 496 = 517 cycles
                                	; Best case: 6 + (6 + 7) * 16 = 214 cycles

                                uf_udiv16:	PROC
                                	CLRR R2		; 6
                                	SLLC R0,1	; 6
                                	BC @@1		; 7/9
                                	SLLC R0,1	; 6
                                	BC @@2		; 7/9
                                	SLLC R0,1	; 6
                                	BC @@3		; 7/9
                                	SLLC R0,1	; 6
                                	BC @@4		; 7/9
                                	SLLC R0,1	; 6
                                	BC @@5		; 7/9
                                	SLLC R0,1	; 6
                                	BC @@6		; 7/9
                                	SLLC R0,1	; 6
                                	BC @@7		; 7/9
                                	SLLC R0,1	; 6
                                	BC @@8		; 7/9
                                	SLLC R0,1	; 6
                                	BC @@9		; 7/9
                                	SLLC R0,1	; 6
                                	BC @@10		; 7/9
                                	SLLC R0,1	; 6
                                	BC @@11		; 7/9
                                	SLLC R0,1	; 6
                                	BC @@12		; 7/9
                                	SLLC R0,1	; 6
                                	BC @@13		; 7/9
                                	SLLC R0,1	; 6
                                	BC @@14		; 7/9
                                	SLLC R0,1	; 6
                                	BC @@15		; 7/9
                                	SLLC R0,1	; 6
                                	BC @@16		; 7/9
                                	JR R5

                                @@1:	RLC R2,1	; 6
                                	CMPR R1,R2	; 6
                                	BNC $+3		; 7/9
                                	SUBR R1,R2	; 6
                                	RLC R0,1	; 6
                                @@2:	RLC R2,1	; 6
                                	CMPR R1,R2	; 6
                                	BNC $+3		; 7/9
                                	SUBR R1,R2	; 6
                                	RLC R0,1	; 6
                                @@3:	RLC R2,1	; 6
                                	CMPR R1,R2	; 6
                                	BNC $+3		; 7/9
                                	SUBR R1,R2	; 6
                                	RLC R0,1	; 6
                                @@4:	RLC R2,1	; 6
                                	CMPR R1,R2	; 6
                                	BNC $+3		; 7/9
                                	SUBR R1,R2	; 6
                                	RLC R0,1	; 6
                                @@5:	RLC R2,1	; 6
                                	CMPR R1,R2	; 6
                                	BNC $+3		; 7/9
                                	SUBR R1,R2	; 6
                                	RLC R0,1	; 6
                                @@6:	RLC R2,1	; 6
                                	CMPR R1,R2	; 6
                                	BNC $+3		; 7/9
                                	SUBR R1,R2	; 6
                                	RLC R0,1	; 6
                                @@7:	RLC R2,1	; 6
                                	CMPR R1,R2	; 6
                                	BNC $+3		; 7/9
                                	SUBR R1,R2	; 6
                                	RLC R0,1	; 6
                                @@8:	RLC R2,1	; 6
                                	CMPR R1,R2	; 6
                                	BNC $+3		; 7/9
                                	SUBR R1,R2	; 6
                                	RLC R0,1	; 6
                                @@9:	RLC R2,1	; 6
                                	CMPR R1,R2	; 6
                                	BNC $+3		; 7/9
                                	SUBR R1,R2	; 6
                                	RLC R0,1	; 6
                                @@10:	RLC R2,1	; 6
                                	CMPR R1,R2	; 6
                                	BNC $+3		; 7/9
                                	SUBR R1,R2	; 6
                                	RLC R0,1	; 6
                                @@11:	RLC R2,1	; 6
                                	CMPR R1,R2	; 6
                                	BNC $+3		; 7/9
                                	SUBR R1,R2	; 6
                                	RLC R0,1	; 6
                                @@12:	RLC R2,1	; 6
                                	CMPR R1,R2	; 6
                                	BNC $+3		; 7/9
                                	SUBR R1,R2	; 6
                                	RLC R0,1	; 6
                                @@13:	RLC R2,1	; 6
                                	CMPR R1,R2	; 6
                                	BNC $+3		; 7/9
                                	SUBR R1,R2	; 6
                                	RLC R0,1	; 6
                                @@14:	RLC R2,1	; 6
                                	CMPR R1,R2	; 6
                                	BNC $+3		; 7/9
                                	SUBR R1,R2	; 6
                                	RLC R0,1	; 6
                                @@15:	RLC R2,1	; 6
                                	CMPR R1,R2	; 6
                                	BNC $+3		; 7/9
                                	SUBR R1,R2	; 6
                                	RLC R0,1	; 6
                                @@16:	RLC R2,1	; 6
                                	CMPR R1,R2	; 6
                                	BNC $+3		; 7/9
                                	SUBR R1,R2	; 6
                                	RLC R0,1	; 6
                                	JR R5
                                	
                                	ENDP

                                	ENDI

                                ;	ROM.End
                                	;

                                ;	ROM.OutputRomStats
                                	;

0x200                           	ORG $200,$200,"-RWB"

0x200                           Q2:	; Reserved label for #BACKTAB

                                	;
                                	; 16-bits variables
                                	; Note IntyBASIC variables grow up starting in $308.
                                	;

0x33F                           BASE_16BIT_SYSTEM_VARS: QSET $33f
                                    IF intybasic_voice
0x335                           BASE_16BIT_SYSTEM_VARS: QSET BASE_16BIT_SYSTEM_VARS-10
                                    ENDI
                                    IF intybasic_col
                                BASE_16BIT_SYSTEM_VARS: QSET BASE_16BIT_SYSTEM_VARS-8
                                    ENDI
                                    IF intybasic_scroll
                                BASE_16BIT_SYSTEM_VARS: QSET BASE_16BIT_SYSTEM_VARS-20
                                    ENDI

0x335                           	ORG BASE_16BIT_SYSTEM_VARS,BASE_16BIT_SYSTEM_VARS,"-RWB"

                                    IF intybasic_voice
0x335                           IV.Q:      RMB 8    ; IV_xxx	16-bit	  Voice queue  (8 words)
0x33D                           IV.FPTR:   RMB 1    ; IV_xxx	16-bit	  Current FIFO ptr.
0x33E                           IV.PPTR:   RMB 1    ; IV_xxx	16-bit	  Current Phrase ptr.
                                    ENDI
                                    IF intybasic_col
                                _col0:      RMB 1       ; Collision status for MOB0
                                _col1:      RMB 1       ; Collision status for MOB1
                                _col2:      RMB 1       ; Collision status for MOB2
                                _col3:      RMB 1       ; Collision status for MOB3
                                _col4:      RMB 1       ; Collision status for MOB4
                                _col5:      RMB 1       ; Collision status for MOB5
                                _col6:      RMB 1       ; Collision status for MOB6
                                _col7:      RMB 1       ; Collision status for MOB7
                                    ENDI
                                    IF intybasic_scroll
                                _scroll_buffer: RMB 20  ; Sometimes this is unused
                                    ENDI
0x33F                           _music_gosub:	RMB 1	; GOSUB pointer
0x340                           _music_table:	RMB 1	; Note table
0x341                           _music_p:	RMB 1	; Pointer to music
0x342                           _frame:		RMB 1   ; Current frame
0x343                           _read:		RMB 1   ; Pointer to DATA
0x344                           _gram_bitmap:   RMB 1   ; Bitmap for definition
0x345                           _gram2_bitmap:  RMB 1   ; Secondary bitmap for definition
0x346                           _screen:	RMB 1	; Pointer to current screen position
0x347                           _color:		RMB 1	; Current color

0x348                           Q1:			; Reserved label for #MOBSHADOW
0x348                           _mobs:      RMB 3*8     ; MOB buffer

0x100                           SCRATCH:    ORG $100,$100,"-RWBN"
                                	;
                                	; 8-bits variables
                                	;
0x100                           ISRVEC:     RMB 2       ; Pointer to ISR vector (required by Intellivision ROM)
0x102                           _int:       RMB 1       ; Signals interrupt received
0x103                           _ntsc:      RMB 1       ; bit 0 = 1=NTSC, 0=PAL. Bit 1 = 1=ECS detected.
0x104                           _rand:      RMB 1       ; Pseudo-random value
0x105                           _gram_target:   RMB 1   ; Contains GRAM card number
0x106                           _gram_total:    RMB 1   ; Contains total GRAM cards for definition
0x107                           _gram2_target:  RMB 1   ; Contains GRAM card number
0x108                           _gram2_total:   RMB 1   ; Contains total GRAM cards for definition
0x109                           _mode_select:   RMB 1   ; Graphics mode selection
0x10A                           _border_color:  RMB 1   ; Border color
0x10B                           _border_mask:   RMB 1   ; Border mask
                                    IF intybasic_keypad
                                _cnt1_p0:   RMB 1       ; Debouncing 1
                                _cnt1_p1:   RMB 1       ; Debouncing 2
                                _cnt1_key:  RMB 1       ; Currently pressed key
                                _cnt2_p0:   RMB 1       ; Debouncing 1
                                _cnt2_p1:   RMB 1       ; Debouncing 2
                                _cnt2_key:  RMB 1       ; Currently pressed key
                                    ENDI
                                    IF intybasic_scroll
                                _scroll_x:  RMB 1       ; Scroll X offset
                                _scroll_y:  RMB 1       ; Scroll Y offset
                                _scroll_d:  RMB 1       ; Scroll direction
                                    ENDI
                                    IF intybasic_music
                                _music_start:	RMB 2	; Start of music

                                _music_mode: RMB 1      ; Music mode (0= Not using PSG, 2= Simple, 4= Full, add 1 if using noise channel for drums)
                                _music_frame: RMB 1     ; Music frame (for 50 hz fixed)
                                _music_tc:  RMB 1       ; Time counter
                                _music_t:   RMB 1       ; Time base
                                _music_i1:  RMB 1       ; Instrument 1 
                                _music_s1:  RMB 1       ; Sample pointer 1
                                _music_n1:  RMB 1       ; Note 1
                                _music_i2:  RMB 1       ; Instrument 2
                                _music_s2:  RMB 1       ; Sample pointer 2
                                _music_n2:  RMB 1       ; Note 2
                                _music_i3:  RMB 1       ; Instrument 3
                                _music_s3:  RMB 1       ; Sample pointer 3
                                _music_n3:  RMB 1       ; Note 3
                                _music_s4:  RMB 1       ; Sample pointer 4
                                _music_n4:  RMB 1       ; Note 4 (really it's drum)

                                _music_freq10:	RMB 1   ; Low byte frequency A
                                _music_freq20:	RMB 1   ; Low byte frequency B
                                _music_freq30:	RMB 1   ; Low byte frequency C
                                _music_freq11:	RMB 1   ; High byte frequency A
                                _music_freq21:	RMB 1   ; High byte frequency B
                                _music_freq31:	RMB 1   ; High byte frequency C
                                _music_mix:	RMB 1   ; Mixer
                                _music_noise:	RMB 1   ; Noise
                                _music_vol1:	RMB 1   ; Volume A
                                _music_vol2:	RMB 1   ; Volume B
                                _music_vol3:	RMB 1   ; Volume C
                                    ENDI
                                    IF intybasic_music_ecs
                                _music_i5:  RMB 1       ; Instrument 5
                                _music_s5:  RMB 1       ; Sample pointer 5
                                _music_n5:  RMB 1       ; Note 5
                                _music_i6:  RMB 1       ; Instrument 6
                                _music_s6:  RMB 1       ; Sample pointer 6
                                _music_n6:  RMB 1       ; Note 6
                                _music_i7:  RMB 1       ; Instrument 7
                                _music_s7:  RMB 1       ; Sample pointer 7
                                _music_n7:  RMB 1       ; Note 7
                                _music_s8:  RMB 1       ; Sample pointer 8
                                _music_n8:  RMB 1       ; Note 8 (really it's drum)

                                _music2_freq10:	RMB 1   ; Low byte frequency A
                                _music2_freq20:	RMB 1   ; Low byte frequency B
                                _music2_freq30:	RMB 1   ; Low byte frequency C
                                _music2_freq11:	RMB 1   ; High byte frequency A
                                _music2_freq21:	RMB 1   ; High byte frequency B
                                _music2_freq31:	RMB 1   ; High byte frequency C
                                _music2_mix:	RMB 1   ; Mixer
                                _music2_noise:	RMB 1   ; Noise
                                _music2_vol1:	RMB 1   ; Volume A
                                _music2_vol2:	RMB 1   ; Volume B
                                _music2_vol3:	RMB 1   ; Volume C
                                    ENDI
                                    IF intybasic_music_volume
                                _music_vol:	RMB 1	; Global music volume
                                    ENDI
                                    IF intybasic_voice
0x10C                           IV.QH:     RMB 1    ; IV_xxx	8-bit	   Voice queue head
0x10D                           IV.QT:     RMB 1    ; IV_xxx	8-bit	   Voice queue tail
0x10E                           IV.FLEN:   RMB 1    ; IV_xxx	8-bit	   Length of FIFO data
                                    ENDI

0x10F                           _SCRATCH:	EQU $

0x2F0                           SYSTEM:	ORG $2F0, $2F0, "-RWBN"
0x2F0                           STACK:	RMB 24
0x308                           _SYSTEM:	EQU $
 ERROR SUMMARY - ERRORS DETECTED 0
               -  WARNINGS       0
